Gene,AA Substitution,Pathogenicity,ClinVar ID,UniProt ID,Substitution Region,AM Pathogenicity,ESM-1b Cosine Distance,ESM-1v WT Marginals
BCL11A,E489D,Benign,2650964,Q9H165,IDR,0.0878,9.940843692435308e-06,-4.363067150115967
BCL11A,D599N,Benign,2650962,Q9H165,IDR,0.1225,4.949002018383997e-05,-4.220520973205566
BCL11A,D59V,Pathogenic,2572238,Q9H165,Folded,0.9982,0.0005019111234149,-10.318758964538574
BCL11A,H788Y,Pathogenic,2497886,Q9H165,Folded,0.9997,0.0001760220887355,-12.870314598083496
BCL11A,E492K,Benign,2430008,Q9H165,IDR,0.4575,0.0001027622896087,-8.36635684967041
BCL11A,H570Q,Benign,2294550,Q9H165,IDR,0.1412,0.0001634126579824,-3.011796474456787
BCL11A,M1K,Pathogenic,2126136,Q9H165,Folded,0.7678,0.0001679524956732,-15.011734962463379
BCL11A,M1I,Pathogenic,1679411,Q9H165,Folded,0.7142,9.69244890915988e-05,-14.056132316589355
BCL11A,S559G,Pathogenic,1199226,Q9H165,IDR,0.1126,8.155902376472124e-05,-3.5262482166290283
BCL11A,I90M,Pathogenic,1177339,Q9H165,IDR,0.0578,5.615419515303533e-05,-3.8399744033813477
BCL11A,P19S,Pathogenic,987093,Q9H165,IDR,0.1102,6.487201307192603e-05,-2.375969886779785
BCL11A,H144R,Benign,984590,Q9H165,IDR,0.0817,6.749044738807441e-05,-3.3564157485961914
BCL11A,T326K,Pathogenic,981906,Q9H165,IDR,0.7211,0.0001126280172564,-5.61655330657959
BCL11A,M555L,Pathogenic,976351,Q9H165,IDR,0.145,5.208995184702303e-05,-2.877821683883667
BCL11A,S2C,Pathogenic,942345,Q9H165,Folded,0.5308,7.140235656488692e-05,-13.264059066772461
BCL11A,A532V,Benign,735294,Q9H165,IDR,0.0795,7.133902994826968e-05,-3.7067737579345703
BCL11A,E489D,Benign,735121,Q9H165,IDR,0.0878,9.940843692435308e-06,-4.363067150115967
BCL11A,Q6H,Benign,678657,Q9H165,Folded,0.6548,2.5545312158259392e-05,-8.952519416809082
BCL11A,C51S,Pathogenic,598955,Q9H165,Folded,0.9996,0.0002195605144332,-10.798815727233887
BCL11A,H66Q,Pathogenic,253302,Q9H165,Folded,0.9974,0.0001345736721194,-14.15748405456543
BCL11A,C48F,Pathogenic,253301,Q9H165,IDR,0.9966,0.0001337156606122,-16.445636749267578
BCL11A,T47P,Pathogenic,253300,Q9H165,IDR,0.8789,0.0001183020525431,-10.863809585571289
BRAF,D565E,Pathogenic,2769805,P15056,Folded,0.9665,0.0002045499511375,-12.88023853302002
BRAF,F247L,Pathogenic,2674585,P15056,Folded,0.9998,0.000976506358351,-12.204057693481445
BRAF,G466R,Pathogenic,2501901,P15056,Folded,0.9999,0.000217313495382,-14.43713665008545
BRAF,W531R,Pathogenic,2430770,P15056,Folded,0.9999,0.0012054652835061,-17.417884826660156
BRAF,M117V,Benign,2148718,P15056,IDR,0.058,8.878506938181374e-05,-6.970355033874512
BRAF,W531R,Pathogenic,1685577,P15056,Folded,0.9999,0.0012054652835061,-17.417884826660156
BRAF,L485W,Pathogenic,1325840,P15056,Folded,0.9996,0.0006663309250406,-16.94562530517578
BRAF,N236K,Pathogenic,1320917,P15056,Folded,0.9993,0.0001774227231811,-15.162464141845703
BRAF,N580D,Pathogenic,1317489,P15056,Folded,0.9743,0.0010186985129738,-8.712931632995605
BRAF,Q709E,Pathogenic,1210729,P15056,Folded,0.3269,9.30483193422038e-05,-14.737019538879395
BRAF,K483I,Pathogenic,1198003,P15056,Folded,0.9999,0.0004863448068239,-15.90618896484375
BRAF,F468L,Pathogenic,1163474,P15056,Folded,1.0,0.0010326240731411,-13.197770118713379
BRAF,R426T,Pathogenic,977765,P15056,IDR,0.8099,0.0007437738537198,-16.88914680480957
BRAF,S215F,Pathogenic,802377,P15056,Folded,0.9678,0.0003380753720026,-13.159268379211426
BRAF,G759E,Pathogenic,802372,P15056,IDR,0.4139,0.0001038505478776,-11.744993209838867
BRAF,W531S,Pathogenic,666569,P15056,Folded,0.9995,0.0015292280683389,-14.792025566101074
BRAF,A34V,Benign,666415,P15056,IDR,0.1068,0.000137861242581,-7.416713714599609
BRAF,T470P,Pathogenic,666411,P15056,Folded,0.9935,0.0006486914392823,-15.318095207214355
BRAF,A366P,Pathogenic,645347,P15056,IDR,0.9941,0.005612430131338,-13.380800247192383
BRAF,I463V,Pathogenic,587514,P15056,Folded,0.4388,0.0001101327097858,-12.026394844055176
BRAF,R384G,Benign,448924,P15056,IDR,0.2081,0.000235530781942,-8.656553268432617
BRAF,I326V,Benign,417225,P15056,IDR,0.0569,0.0001144530963205,-2.6024093627929688
BRAF,D742N,Benign,379609,P15056,IDR,0.9009,0.0001512958723621,-13.934170722961426
BRAF,G596D,Pathogenic,376375,P15056,Folded,0.9999,0.0003506178386021,-15.277668952941895
BRAF,G596S,Pathogenic,376374,P15056,Folded,0.9993,0.0037536237552714,-15.57620620727539
BRAF,G466A,Pathogenic,376295,P15056,Folded,0.9997,0.0004232435614067,-15.254670143127441
BRAF,D587A,Pathogenic,376294,P15056,Folded,0.9746,0.0003028014216962,-14.529231071472168
BRAF,D587E,Pathogenic,376293,P15056,Folded,0.9421,8.571322659212122e-05,-14.15709114074707
BRAF,D587E,Pathogenic,376292,P15056,Folded,0.9421,8.571322659212122e-05,-14.15709114074707
BRAF,I592M,Pathogenic,376291,P15056,Folded,0.9535,0.0002825598130883,-14.037667274475098
BRAF,F595S,Pathogenic,376290,P15056,Folded,0.9999,9.211783334250878e-05,-16.475467681884766
BRAF,V600A,Pathogenic,376288,P15056,Folded,0.9748,0.0001372849240414,-14.505680084228516
BRAF,K601N,Pathogenic,376285,P15056,Folded,0.9996,0.0007083277216819,-16.01875877380371
BRAF,S605N,Pathogenic,376283,P15056,Folded,0.8318,0.00032494111168,-14.533267974853516
BRAF,K601R,Pathogenic,376169,P15056,Folded,0.7785,0.0001429153608318,-11.268316268920898
BRAF,R444W,Pathogenic,376074,P15056,IDR,0.8984,0.0004060305673132,-13.66126823425293
BRAF,I592V,Pathogenic,376071,P15056,Folded,0.4657,0.0001555187746233,-12.491360664367676
BRAF,D594A,Pathogenic,376070,P15056,Folded,1.0,0.0002112878182606,-19.83108139038086
BRAF,D594V,Pathogenic,375946,P15056,Folded,1.0,0.000128202310926,-19.090967178344727
BRAF,D594E,Pathogenic,375945,P15056,Folded,0.9999,0.0001217052594694,-16.517288208007812
BRAF,T589P,Pathogenic,372757,P15056,Folded,0.9884,0.0004065726854496,-14.391379356384277
BRAF,L525R,Pathogenic,372626,P15056,Folded,0.9927,0.0008193401499694,-8.834328651428223
BRAF,G464R,Pathogenic,372572,P15056,Folded,0.9999,0.0005426089641445,-14.261231422424316
BRAF,T599R,Pathogenic,280033,P15056,Folded,0.9963,0.0003729278396238,-12.23570442199707
BRAF,G464R,Pathogenic,279992,P15056,Folded,0.9999,0.0005426089641445,-14.261231422424316
BRAF,F498Y,Pathogenic,279935,P15056,Folded,0.9842,0.0001080031214741,-14.202021598815918
BRAF,W531C,Pathogenic,265358,P15056,Folded,0.9998,0.0019695341857567,-15.146759033203125
BRAF,S87G,Benign,234429,P15056,Folded,0.1226,0.0001241987072949,-11.345674514770508
BRAF,S467A,Pathogenic,223138,P15056,Folded,0.8932,0.0002364733608929,-15.339494705200195
BRAF,F595L,Pathogenic,180789,P15056,Folded,1.0,0.0002094135737119,-11.585962295532227
BRAF,H574Q,Pathogenic,180788,P15056,Folded,0.9996,7.628139796167499e-05,-17.088871002197266
BRAF,F247L,Pathogenic,180784,P15056,Folded,0.9998,0.000976506358351,-12.204057693481445
BRAF,P25S,Benign,180782,P15056,IDR,0.0881,0.0002109429964182,-5.402852535247803
BRAF,K483N,Pathogenic,177878,P15056,Folded,1.0,0.0005275575075701,-12.529787063598633
BRAF,L485F,Pathogenic,177844,P15056,Folded,0.9978,0.0010100921688181,-13.986759185791016
BRAF,N581S,Pathogenic,177776,P15056,Folded,0.6791,0.0003478096325612,-13.205320358276367
BRAF,F595L,Pathogenic,177672,P15056,Folded,1.0,0.0002094135737119,-11.585962295532227
BRAF,F247L,Pathogenic,55793,P15056,Folded,0.9998,0.000976506358351,-12.204057693481445
BRAF,S323L,Benign,44834,P15056,IDR,0.0691,0.000234854020193,-8.870183944702148
BRAF,A31G,Benign,44833,P15056,IDR,0.054,8.670502551633152e-05,-6.245204448699951
BRAF,G265R,Pathogenic,44832,P15056,Folded,0.9854,0.0011625852999331,-12.769822120666504
BRAF,F247V,Pathogenic,44830,P15056,Folded,0.9949,0.0005993128854611,-13.516898155212402
BRAF,T241K,Pathogenic,44829,P15056,Folded,0.9988,0.0004893478281917,-17.486106872558594
BRAF,K601T,Pathogenic,44818,P15056,Folded,0.9962,0.0003367938766524,-15.170624732971191
BRAF,V600L,Pathogenic,44816,P15056,Folded,0.9555,0.0003952973566191,-13.062812805175781
BRAF,V600M,Pathogenic,44815,P15056,Folded,0.8882,0.0001909439535214,-13.10316276550293
BRAF,D594N,Pathogenic,44813,P15056,Folded,0.9994,0.001218268346941,-16.14386749267578
BRAF,H574Y,Pathogenic,44810,P15056,Folded,0.9993,0.0009487594525383,-13.093912124633789
BRAF,E501Q,Pathogenic,44807,P15056,Folded,0.9991,0.0006626167427885,-15.046338081359863
BRAF,G469V,Pathogenic,44803,P15056,Folded,0.9999,0.0006863779313003,-15.424599647521973
BRAF,G466R,Pathogenic,44801,P15056,Folded,0.9999,0.000217313495382,-14.43713665008545
BRAF,K601Q,Pathogenic,41446,P15056,Folded,0.9933,0.0002817730849278,-14.788744926452637
BRAF,V600G,Pathogenic,40389,P15056,Folded,0.9773,0.0004560453947943,-20.425626754760742
BRAF,T599I,Pathogenic,40388,P15056,Folded,0.9986,0.0010892575689471,-15.145867347717285
BRAF,G596V,Pathogenic,40387,P15056,Folded,0.9996,0.0001623498346439,-15.825705528259277
BRAF,C532Y,Pathogenic,40380,P15056,Folded,0.9999,0.0005989180674423,-13.215100288391113
BRAF,W531L,Pathogenic,40379,P15056,Folded,0.9908,0.0026227233667438,-12.364986419677734
BRAF,E501A,Pathogenic,40373,P15056,Folded,0.9994,0.0003957632797598,-16.581418991088867
BRAF,K499N,Pathogenic,40372,P15056,Folded,0.9993,0.0003843881339434,-15.451313018798828
BRAF,L485S,Pathogenic,40370,P15056,Folded,0.9999,0.0013137872727716,-17.275362014770508
BRAF,V471I,Pathogenic,40368,P15056,Folded,0.9307,0.0003068968657886,-7.326030254364014
BRAF,G464A,Pathogenic,40365,P15056,Folded,0.9985,0.001245162558166,-13.454622268676758
BRAF,F247S,Pathogenic,40349,P15056,Folded,0.9986,0.0010746005794262,-12.608224868774414
BRAF,L245F,Pathogenic,40348,P15056,Folded,0.9939,0.0006224071113926,-15.082857131958008
BRAF,L245F,Pathogenic,40347,P15056,Folded,0.9939,0.0006224071113926,-15.082857131958008
BRAF,T244P,Pathogenic,40346,P15056,Folded,0.9193,0.0005668567315236,-12.562915802001953
BRAF,D22N,Benign,40335,P15056,IDR,0.4253,0.0001949321410876,-12.305274963378906
BRAF,W531C,Pathogenic,29808,P15056,Folded,0.9998,0.0019695341857567,-15.146759033203125
BRAF,T241R,Pathogenic,29806,P15056,Folded,0.9977,0.0007111172137984,-15.733956336975098
BRAF,N581D,Pathogenic,13979,P15056,Folded,0.9865,0.0001047307678392,-13.897333145141602
BRAF,L485F,Pathogenic,13975,P15056,Folded,0.9978,0.0010100921688181,-13.986759185791016
BRAF,G469E,Pathogenic,13974,P15056,Folded,1.0,0.0004691338933905,-15.536255836486816
BRAF,Q257R,Pathogenic,13973,P15056,Folded,0.9831,0.0004078473059474,-12.151931762695312
BRAF,G469A,Pathogenic,13971,P15056,Folded,0.9977,0.0025459628638051,-11.369205474853516
BRAF,L597V,Pathogenic,13969,P15056,Folded,0.9939,0.0002447835871229,-15.358081817626953
BRAF,K601E,Pathogenic,13966,P15056,Folded,0.9991,0.0006896685046913,-14.094372749328613
BRAF,A246P,Pathogenic,13965,P15056,Folded,0.9972,0.0007771822161374,-8.620086669921875
BRAF,G464E,Pathogenic,13964,P15056,Folded,1.0,0.000988211515028,-15.62957763671875
BRAF,I463S,Pathogenic,13963,P15056,Folded,0.9976,0.0008378029057688,-17.497495651245117
BRAF,R462I,Pathogenic,13962,P15056,Folded,0.9753,0.000879087452978,-14.103700637817383
BRAF,V600E,Pathogenic,13961,P15056,Folded,0.9927,0.001099711226115,-21.025468826293945
CTCF,V583L,Pathogenic,2824745,P49711,IDR,0.1075,0.0001430729835177,-3.4348301887512207
CTCF,L366F,Pathogenic,2637200,P49711,Folded,0.9948,0.0004276933952582,-15.400339126586914
CTCF,Q459P,Pathogenic,2573041,P49711,Folded,0.9945,0.0001154357398422,-11.551556587219238
CTCF,H345Y,Pathogenic,2505870,P49711,Folded,0.9968,0.0002446396598233,-14.702347755432129
CTCF,G335R,Pathogenic,2446134,P49711,Folded,0.9994,0.0006702527103397,-10.842836380004883
CTCF,R320H,Pathogenic,2443598,P49711,Folded,0.9561,0.0005768369684334,-14.114053726196289
CTCF,D390V,Pathogenic,1738942,P49711,Folded,0.9999,0.0006712944365772,-17.174541473388672
CTCF,Q44R,Benign,1701292,P49711,IDR,0.1279,0.0002709973090051,-5.0263237953186035
CTCF,C409Y,Pathogenic,1325783,P49711,Folded,0.9998,5.657261055147522e-05,-15.809228897094727
CTCF,D390N,Pathogenic,1325782,P49711,Folded,0.9995,0.0006238269454958,-9.976638793945312
CTCF,P378L,Pathogenic,1325781,P49711,Folded,0.9987,0.000262187413997,-16.04142189025879
CTCF,H373P,Pathogenic,1325780,P49711,Folded,0.999,8.148827383047674e-05,-17.474609375
CTCF,H373D,Pathogenic,1325779,P49711,Folded,0.9999,6.765380060536064e-05,-20.184309005737305
CTCF,R368H,Pathogenic,1325778,P49711,Folded,0.9984,0.0004013990351349,-14.378364562988281
CTCF,R368C,Pathogenic,1325777,P49711,Folded,0.9989,0.0004716083715425,-11.592792510986328
CTCF,E336Q,Pathogenic,1325776,P49711,Folded,0.9953,0.000502447956894,-13.774028778076172
CTCF,C327S,Pathogenic,1325775,P49711,Folded,0.9996,5.4411522798614165e-05,-13.738374710083008
CTCF,Y226C,Pathogenic,1254810,P49711,IDR,0.7031,0.0001719102073172,-4.470938682556152
CTCF,R377C,Pathogenic,1214237,P49711,Folded,0.9977,0.0009514212577045,-15.07109546661377
CTCF,R448Q,Pathogenic,1203833,P49711,Folded,0.9974,0.00033915025421,-10.16958999633789
CTCF,R342G,Pathogenic,1176667,P49711,Folded,0.9983,0.0003566971038595,-17.918182373046875
CTCF,H373Q,Pathogenic,1065421,P49711,Folded,0.9999,5.031063953531145e-05,-16.836334228515625
CTCF,R320G,Pathogenic,976764,P49711,Folded,0.9973,0.000404420207518,-14.821492195129395
CTCF,D46N,Benign,975529,P49711,IDR,0.1118,0.0002090660795238,-4.177096366882324
CTCF,C327R,Pathogenic,973091,P49711,Folded,0.9998,8.242939569025332e-05,-13.608918190002441
CTCF,H455Q,Pathogenic,812003,P49711,Folded,0.9999,0.0001002564715592,-12.42516803741455
CTCF,R283H,Pathogenic,562205,P49711,Folded,0.9988,0.0008356784487734,-15.082983016967773
CTCF,R368S,Pathogenic,451767,P49711,Folded,0.9997,0.0009499735520603,-11.419062614440918
CTCF,R567L,Benign,450577,P49711,Folded,0.9523,0.0002177515980734,-13.06768798828125
CTCF,P41A,Benign,434862,P49711,IDR,0.0742,0.0001480049449802,-3.172250270843506
CTCF,Y407C,Pathogenic,265526,P49711,Folded,0.9971,0.0005179564866024,-12.23142147064209
CTCF,E590Q,Benign,128864,P49711,IDR,0.1966,8.857963005914904e-05,-5.35621452331543
CTNNB1,E692D,Pathogenic,2632320,P35222,IDR,0.0619,2.960755208525345e-05,-2.9332785606384277
CTNNB1,S348F,Pathogenic,2628333,P35222,Folded,0.9999,0.0007321674790859,-16.32742691040039
CTNNB1,E571K,Pathogenic,2577930,P35222,Folded,0.9989,0.000278549477766,-12.1014404296875
CTNNB1,T547S,Benign,2227671,P35222,Folded,0.2519,4.70200861825143e-05,-6.22150993347168
CTNNB1,Q773K,Benign,1255553,P35222,IDR,0.4712,0.0001314339318932,-5.455584526062012
CTNNB1,G730D,Pathogenic,1255552,P35222,IDR,0.3001,0.0001297965836134,-4.44536018371582
CTNNB1,R717H,Benign,1208710,P35222,IDR,0.1416,0.0001447505405193,-2.2677669525146484
CTNNB1,A215T,Benign,1200393,P35222,IDR,0.266,8.57896127794966e-05,-5.938151836395264
CTNNB1,Q482E,Pathogenic,1180556,P35222,Folded,0.759,7.818612398013958e-05,-15.672224998474121
CTNNB1,G216R,Pathogenic,1164027,P35222,IDR,0.999,0.0004228221315877,-13.035719871520996
CTNNB1,G235R,Pathogenic,1098411,P35222,Folded,0.9796,0.0001434273151518,-16.650482177734375
CTNNB1,H470Y,Benign,975530,P35222,Folded,0.9982,0.0001464025558181,-13.435341835021973
CTNNB1,E692D,Pathogenic,562195,P35222,IDR,0.0619,2.960755208525345e-05,-2.9332785606384277
CTNNB1,M8T,Benign,562026,P35222,IDR,0.5686,0.0001151353565476,-2.876718044281006
CTNNB1,N380I,Pathogenic,520788,P35222,Folded,0.9959,0.0005656851010584,-13.223979949951172
CTNNB1,L382P,Pathogenic,423116,P35222,Folded,0.9998,0.0002614928867767,-17.29203987121582
CTNNB1,T41N,Pathogenic,376394,P35222,IDR,0.8795,7.913911623447234e-05,-4.508587837219238
CTNNB1,S33T,Pathogenic,376393,P35222,IDR,0.8486,0.0002412636959671,-3.978863000869751
CTNNB1,S33A,Pathogenic,376392,P35222,IDR,0.8938,0.0004755243448747,-4.15623140335083
CTNNB1,S33P,Pathogenic,376391,P35222,IDR,0.9975,0.000570856356297,-3.840514898300171
CTNNB1,G34A,Pathogenic,376390,P35222,IDR,0.9901,0.0003982039769946,-4.254128456115723
CTNNB1,S45C,Pathogenic,376242,P35222,IDR,0.8545,0.0004041706225734,-6.67502498626709
CTNNB1,S45A,Pathogenic,376241,P35222,IDR,0.5757,0.0002180746234748,-3.711017370223999
CTNNB1,T40I,Pathogenic,376240,P35222,IDR,0.5556,9.71142941346148e-05,-4.893394470214844
CTNNB1,T40S,Pathogenic,376239,P35222,IDR,0.1163,5.4656058740998326e-05,-2.8715710639953613
CTNNB1,T40S,Pathogenic,376238,P35222,IDR,0.1163,5.4656058740998326e-05,-2.8715710639953613
CTNNB1,T40A,Pathogenic,376237,P35222,IDR,0.1112,5.082795335886736e-05,-3.0800819396972656
CTNNB1,T40P,Pathogenic,376236,P35222,IDR,0.2681,6.031690950714097e-05,-3.5404415130615234
CTNNB1,S37A,Pathogenic,376235,P35222,IDR,0.7984,0.0004574474588731,-4.0436482429504395
CTNNB1,S37P,Pathogenic,376234,P35222,IDR,0.9888,0.0006949040798328,-3.596369504928589
CTNNB1,G34R,Pathogenic,376233,P35222,IDR,0.9995,0.0005363563944172,-4.543880462646484
CTNNB1,D32V,Pathogenic,376230,P35222,IDR,0.9985,0.0005562551838871,-5.464758396148682
CTNNB1,D32A,Pathogenic,376229,P35222,IDR,0.9953,0.0002758985302666,-3.9769020080566406
CTNNB1,D32N,Pathogenic,376228,P35222,IDR,0.9888,0.0001834725598544,-4.275687217712402
CTNNB1,V22A,Pathogenic,376226,P35222,IDR,0.8754,9.022496153732185e-05,-2.517266273498535
CTNNB1,A13T,Pathogenic,376223,P35222,IDR,0.1374,3.710962625103065e-05,-3.8666117191314697
CTNNB1,D32H,Pathogenic,376054,P35222,IDR,0.9981,0.0002508487678375,-4.177105903625488
CTNNB1,L424R,Pathogenic,216915,P35222,Folded,0.9993,0.0001921764241856,-19.613189697265625
CTNNB1,T41A,Pathogenic,17580,P35222,IDR,0.7939,0.000162173729702,-3.2510666847229004
DDX3X,M1I,Pathogenic,3067176,O00571,IDR,0.8548,0.0001107662238867,-11.130159378051758
DDX3X,A322V,Pathogenic,3062244,O00571,Folded,0.9991,5.4300723736577794e-05,-12.411970138549805
DDX3X,L431R,Pathogenic,3062159,O00571,Folded,0.9994,8.17798813159687e-05,-16.23297691345215
DDX3X,F487L,Pathogenic,3062097,O00571,Folded,0.9996,0.0002478076525992,-12.02847671508789
DDX3X,P386H,Pathogenic,3032979,O00571,Folded,0.9995,0.0006966051843593,-16.320545196533203
DDX3X,Q241K,Benign,3026971,O00571,Folded,0.341,0.0001100841180892,-7.883892059326172
DDX3X,M1V,Pathogenic,2706048,O00571,IDR,0.25,0.0001503901567895,-11.10440444946289
DDX3X,A349T,Pathogenic,2663764,O00571,Folded,0.9987,0.0002027094664313,-14.91993522644043
DDX3X,F447L,Pathogenic,2637151,O00571,Folded,1.0,0.0005149145572583,-13.182104110717773
DDX3X,I195T,Pathogenic,2627924,O00571,Folded,0.7213,6.825381072927961e-05,-11.96535587310791
DDX3X,D329G,Pathogenic,2574969,O00571,Folded,0.9998,0.0002241880488157,-14.063267707824707
DDX3X,Q417R,Pathogenic,2573016,O00571,Folded,0.9988,0.0001725299638324,-14.003657341003418
DDX3X,R296H,Pathogenic,2572499,O00571,Folded,0.3658,0.0001960531491147,-10.284811019897461
DDX3X,A393P,Pathogenic,2572467,O00571,Folded,0.9996,0.000181036798911,-16.33751678466797
DDX3X,S293F,Pathogenic,2545947,O00571,Folded,0.999,0.0007560149791806,-15.945962905883789
DDX3X,T204P,Pathogenic,2499826,O00571,Folded,0.9602,0.0001103307476455,-15.22431755065918
DDX3X,R351P,Pathogenic,2499131,O00571,Folded,1.0,0.001048716333161,-16.962644577026367
DDX3X,R534H,Pathogenic,2444713,O00571,Folded,0.9995,0.0002801801407776,-14.825650215148926
DDX3X,P324R,Pathogenic,2430630,O00571,Folded,0.9996,0.0002436134194705,-17.808469772338867
DDX3X,S591N,Pathogenic,2077177,O00571,IDR,0.1927,0.000102715031427,-4.357851028442383
DDX3X,A502T,Pathogenic,1971584,O00571,Folded,0.9953,0.0001559730515944,-14.073784828186035
DDX3X,M1I,Pathogenic,1921343,O00571,IDR,0.8548,0.0001107662238867,-11.130159378051758
DDX3X,P40L,Pathogenic,1802175,O00571,IDR,0.9912,0.0002353968281044,-14.379501342773438
DDX3X,Q565H,Pathogenic,1711151,O00571,Folded,0.9978,0.0001072160200022,-12.601079940795898
DDX3X,V496G,Pathogenic,1706539,O00571,Folded,0.9941,0.0001180445120425,-19.72084617614746
DDX3X,T369S,Pathogenic,1704169,O00571,Folded,0.1108,0.0001550380548619,-7.763677597045898
DDX3X,Y200C,Pathogenic,1703239,O00571,Folded,0.9944,0.000164490426033,-12.719683647155762
DDX3X,L457P,Pathogenic,1700084,O00571,Folded,0.9998,0.000140014862771,-13.898951530456543
DDX3X,Q14H,Benign,1693000,O00571,IDR,0.3568,7.795597767623619e-05,-7.578395843505859
DDX3X,I364R,Pathogenic,1691603,O00571,Folded,0.9998,0.0005585175061847,-17.810546875
DDX3X,I191T,Pathogenic,1519111,O00571,Folded,0.736,7.983143467193976e-05,-10.943275451660156
DDX3X,H472R,Pathogenic,1341528,O00571,Folded,0.9997,0.0003013764674766,-12.154562950134277
DDX3X,Q417K,Pathogenic,1335763,O00571,Folded,0.9982,0.0001670676095354,-15.30622386932373
DDX3X,R488P,Pathogenic,1330240,O00571,Folded,0.9988,0.0001759731710122,-16.69405746459961
DDX3X,T498A,Pathogenic,1328123,O00571,Folded,0.9988,0.0001764692877262,-15.869759559631348
DDX3X,Q417E,Pathogenic,1324218,O00571,Folded,0.9709,0.0001275482387225,-14.310013771057129
DDX3X,L392P,Pathogenic,1285566,O00571,Folded,0.9999,0.0001759260712007,-13.943370819091797
DDX3X,P386S,Pathogenic,1209997,O00571,Folded,0.9988,0.0006080162608698,-11.785372734069824
DDX3X,R292L,Pathogenic,1205549,O00571,Folded,0.9742,0.00071059783305,-12.819896697998047
DDX3X,R202L,Pathogenic,1200185,O00571,Folded,0.6458,0.000155607284011,-11.976994514465332
DDX3X,R407G,Pathogenic,1198267,O00571,Folded,0.9983,0.0005123777992778,-14.913680076599121
DDX3X,I306V,Pathogenic,1176303,O00571,Folded,0.2979,0.0002993818808357,-6.917329788208008
DDX3X,S543L,Pathogenic,1164038,O00571,Folded,0.9935,0.0003564985858011,-8.955488204956055
DDX3X,L353V,Pathogenic,1067730,O00571,Folded,0.9959,0.0003498153935539,-12.478687286376953
DDX3X,D474G,Pathogenic,1067046,O00571,Folded,0.9883,0.0002639492324022,-12.317366600036621
DDX3X,P205L,Pathogenic,1064811,O00571,Folded,0.9959,0.0002002363125698,-13.04974365234375
DDX3X,F182V,Pathogenic,1033778,O00571,Folded,0.9947,0.0003045615316156,-14.069171905517578
DDX3X,V513L,Pathogenic,1012216,O00571,Folded,0.9988,0.0002423034784115,-14.269034385681152
DDX3X,Y525C,Pathogenic,988754,O00571,Folded,0.9992,0.0001672913239127,-13.619165420532227
DDX3X,L435P,Pathogenic,987883,O00571,Folded,0.9996,7.362748069195124e-05,-11.324994087219238
DDX3X,N515D,Pathogenic,981369,O00571,Folded,0.9982,9.851659184523244e-05,-14.426502227783203
DDX3X,V448E,Pathogenic,981248,O00571,Folded,0.9991,0.0001085362579369,-17.018695831298828
DDX3X,R475L,Pathogenic,978395,O00571,Folded,0.9869,0.0021167118000008,-7.949750900268555
DDX3X,Q225R,Pathogenic,975674,O00571,Folded,0.9971,0.0008742338888958,-13.159845352172852
DDX3X,A483D,Pathogenic,975672,O00571,Folded,0.9988,0.0001389295178114,-14.315847396850586
DDX3X,G504E,Pathogenic,872859,O00571,Folded,0.9999,6.233908104291697e-05,-13.359443664550781
DDX3X,R376H,Pathogenic,872857,O00571,Folded,0.9851,0.0005242660557871,-9.852807998657227
DDX3X,M574V,Benign,872825,O00571,Folded,0.1096,0.0001302532212386,-6.996181964874268
DDX3X,P40S,Pathogenic,810576,O00571,IDR,0.996,0.0006247909870775,-13.812944412231445
DDX3X,A383G,Pathogenic,807402,O00571,Folded,0.9984,0.0004202116242894,-15.10833740234375
DDX3X,R534G,Pathogenic,694687,O00571,Folded,0.9992,0.0001236686606619,-16.896982192993164
DDX3X,R296P,Pathogenic,666341,O00571,Folded,0.9977,0.0004957090797866,-15.77063274383545
DDX3X,R480T,Pathogenic,632603,O00571,Folded,0.9998,0.0005528089515782,-15.115914344787598
DDX3X,V513A,Pathogenic,588702,O00571,Folded,0.9978,0.0001024957870837,-9.79163932800293
DDX3X,P274S,Pathogenic,559641,O00571,Folded,0.9995,0.0002582675946672,-13.758848190307617
DDX3X,Q477E,Pathogenic,559627,O00571,Folded,0.9866,0.0001133558365872,-19.136287689208984
DDX3X,V496M,Pathogenic,548024,O00571,Folded,0.9947,0.0018545839729224,-13.833869934082031
DDX3X,M1I,Pathogenic,521712,O00571,IDR,0.8548,0.0001107662238867,-11.130159378051758
DDX3X,V206M,Pathogenic,521268,O00571,Folded,0.997,7.652580666872577e-05,-16.40575408935547
DDX3X,L327V,Pathogenic,452135,O00571,Folded,0.963,0.0002449455154421,-14.674274444580078
DDX3X,T198P,Pathogenic,451547,O00571,Folded,0.93,0.0001434038099117,-10.756484031677246
DDX3X,T498I,Pathogenic,426897,O00571,Folded,0.9999,7.469719396446806e-05,-16.576526641845703
DDX3X,I494S,Pathogenic,424349,O00571,Folded,0.9962,0.0001773707478195,-15.337890625
DDX3X,K288E,Pathogenic,424139,O00571,Folded,0.9977,0.0003513929633586,-11.062179565429688
DDX3X,R292Q,Pathogenic,424031,O00571,Folded,0.5902,0.0002188489871377,-7.503305435180664
DDX3X,L220S,Pathogenic,423442,O00571,Folded,0.998,0.0003259880489672,-14.110416412353516
DDX3X,L505V,Pathogenic,421847,O00571,Folded,0.9867,0.0002348761758562,-14.480508804321289
DDX3X,S382R,Pathogenic,419725,O00571,Folded,0.9999,0.0001074009476811,-18.002197265625
DDX3X,P40R,Pathogenic,419413,O00571,IDR,0.992,0.0006662201513365,-15.00114917755127
DDX3X,T323I,Pathogenic,383373,O00571,Folded,0.9991,5.547131602989808e-05,-12.976180076599121
DDX3X,L556S,Pathogenic,381804,O00571,Folded,0.9984,0.0004482292654548,-16.79025650024414
DDX3X,R121L,Pathogenic,375386,O00571,IDR,0.4824,0.0002660290333146,-7.266861915588379
DDX3X,P568L,Pathogenic,375367,O00571,Folded,0.9953,0.0003594732900946,-14.157023429870605
DDX3X,R351Q,Pathogenic,374335,O00571,Folded,0.9942,0.0010310734335922,-13.709452629089355
DDX3X,L495S,Pathogenic,373151,O00571,Folded,0.999,0.0002134816301649,-15.33675765991211
DDX3X,L571S,Pathogenic,287454,O00571,Folded,0.9992,0.0002202556982154,-14.823188781738281
DDX3X,P212H,Pathogenic,265672,O00571,Folded,0.9857,0.0001232710984003,-11.822610855102539
DDX3X,G302S,Pathogenic,225893,O00571,Folded,0.9997,0.0003739285220495,-16.423694610595703
DDX3X,R362C,Pathogenic,208549,O00571,Folded,0.9953,0.0010280350943375,-15.321151733398438
DDX3X,R326H,Pathogenic,208547,O00571,Folded,0.9991,0.0055201094513077,-15.748634338378906
DDX3X,I507T,Pathogenic,208546,O00571,Folded,0.998,0.0001462382140702,-16.651784896850586
DNMT3A,W306R,Pathogenic,3066131,Q9Y6K1,Folded,0.9999,0.0004857978880378,-12.474517822265625
DNMT3A,G543R,Pathogenic,3062230,Q9Y6K1,Folded,0.9995,0.000367069349258,-10.553449630737305
DNMT3A,L508P,Pathogenic,2907310,Q9Y6K1,Folded,0.9996,9.59054743939758e-05,-12.894454956054688
DNMT3A,C554S,Pathogenic,2584521,Q9Y6K1,Folded,0.9995,0.0007597704723051,-13.818260192871094
DNMT3A,G726V,Pathogenic,2580938,Q9Y6K1,Folded,0.9998,0.0003209962257044,-13.560416221618652
DNMT3A,L639P,Pathogenic,2578846,Q9Y6K1,Folded,0.9996,0.000413678770776,-15.099154472351074
DNMT3A,C494S,Pathogenic,2501700,Q9Y6K1,Folded,0.9997,0.0001839624439817,-11.33377456665039
DNMT3A,G543S,Pathogenic,2431485,Q9Y6K1,Folded,0.9928,0.0007017731498392,-11.276533126831055
DNMT3A,E427V,Benign,2430003,Q9Y6K1,Folded,0.3166,0.0001307801244488,-3.5970571041107178
DNMT3A,R749C,Pathogenic,2203023,Q9Y6K1,Folded,0.8732,0.0003297602261911,-9.887016296386719
DNMT3A,R729Q,Pathogenic,1801370,Q9Y6K1,Folded,0.9719,0.0001542326864393,-11.909728050231934
DNMT3A,R771G,Pathogenic,1709413,Q9Y6K1,Folded,0.9977,0.0001784201681354,-13.444255828857422
DNMT3A,D529N,Pathogenic,1708274,Q9Y6K1,Folded,0.9942,6.998551790393659e-05,-12.759119033813477
DNMT3A,G302A,Pathogenic,1695907,Q9Y6K1,Folded,0.9947,0.0003283148246637,-12.626042366027832
DNMT3A,V636M,Pathogenic,1694950,Q9Y6K1,Folded,0.9913,0.0002406666882694,-10.835750579833984
DNMT3A,C559Y,Pathogenic,1685302,Q9Y6K1,Folded,0.9999,0.0001758937130478,-14.012688636779785
DNMT3A,Y660H,Pathogenic,1679101,Q9Y6K1,Folded,0.999,0.0001182938169885,-11.709234237670898
DNMT3A,I898T,Pathogenic,1321927,Q9Y6K1,Folded,0.9973,8.7557483300027e-05,-13.97927188873291
DNMT3A,V636E,Pathogenic,1213129,Q9Y6K1,Folded,0.9995,0.0003961351271697,-14.722869873046875
DNMT3A,C586F,Pathogenic,1173066,Q9Y6K1,Folded,0.9993,0.0001135857927979,-14.541563987731934
DNMT3A,C497F,Pathogenic,1098321,Q9Y6K1,Folded,0.9994,8.367064451730855e-05,-14.115852355957031
DNMT3A,F909S,Pathogenic,992315,Q9Y6K1,Folded,0.9977,0.0001770644730116,-14.380752563476562
DNMT3A,M548T,Pathogenic,985328,Q9Y6K1,Folded,0.9997,0.0001214915753895,-10.727460861206055
DNMT3A,Y908N,Pathogenic,981260,Q9Y6K1,Folded,0.9744,9.356396933046796e-05,-13.446572303771973
DNMT3A,R556S,Pathogenic,978383,Q9Y6K1,Folded,0.9978,0.0006182083573189,-11.893818855285645
DNMT3A,V716I,Pathogenic,977200,Q9Y6K1,Folded,0.9594,0.0001217205309219,-11.344491958618164
DNMT3A,D333N,Pathogenic,801332,Q9Y6K1,Folded,0.9975,0.0004948640478434,-10.859095573425293
DNMT3A,W330R,Pathogenic,801331,Q9Y6K1,Folded,1.0,0.0004485054022781,-14.992108345031738
DNMT3A,A3S,Pathogenic,800326,Q9Y6K1,IDR,0.0729,0.0001830328112483,-3.408679485321045
DNMT3A,S6A,Benign,770126,Q9Y6K1,IDR,0.0613,9.673444882929429e-05,-3.523725748062134
DNMT3A,T832I,Pathogenic,648721,Q9Y6K1,IDR,0.9998,0.0003005110571475,-13.968953132629395
DNMT3A,P904S,Pathogenic,635110,Q9Y6K1,Folded,0.989,0.0001248886570871,-10.175029754638672
DNMT3A,P307L,Pathogenic,620043,Q9Y6K1,Folded,0.9976,0.0006021711038634,-8.504631996154785
DNMT3A,Q842R,Pathogenic,620042,Q9Y6K1,IDR,0.9978,0.0001956938189219,-12.73838996887207
DNMT3A,E545G,Pathogenic,559889,Q9Y6K1,Folded,0.9918,0.0011779969015041,-12.057737350463867
DNMT3A,R771Q,Pathogenic,438287,Q9Y6K1,Folded,0.9686,0.0001995557935503,-12.011676788330078
DNMT3A,C583Y,Pathogenic,423541,Q9Y6K1,Folded,0.9998,0.0003086345433486,-17.046314239501953
DNMT3A,G543D,Pathogenic,420791,Q9Y6K1,Folded,0.9992,8.938573315686593e-05,-13.308829307556152
DNMT3A,L738R,Pathogenic,391574,Q9Y6K1,Folded,0.9835,5.300455321721742e-05,-15.235074043273926
DNMT3A,R882G,Pathogenic,375883,Q9Y6K1,Folded,0.9984,0.000150901971184,-10.70985221862793
DNMT3A,R882C,Pathogenic,375882,Q9Y6K1,Folded,0.9979,0.0003829612704491,-12.208508491516113
DNMT3A,R882L,Pathogenic,375879,Q9Y6K1,Folded,0.9966,0.0001639613332836,-14.885818481445312
DNMT3A,K299Q,Pathogenic,266030,Q9Y6K1,Folded,0.9915,0.0001142800884255,-12.71849250793457
DNMT3A,G298W,Pathogenic,208714,Q9Y6K1,Folded,0.9999,0.0006115229638771,-13.157402038574219
DNMT3A,F902S,Pathogenic,139619,Q9Y6K1,Folded,0.9988,0.0002811754981301,-12.554577827453613
DNMT3A,M548K,Pathogenic,139618,Q9Y6K1,Folded,0.9992,0.0001272250869868,-14.340642929077148
DNMT3A,I310N,Pathogenic,139617,Q9Y6K1,Folded,0.999,0.0001913152224771,-16.01042938232422
DNMT3A,L648P,Pathogenic,139616,Q9Y6K1,Folded,0.9991,0.0003498535336865,-13.22523021697998
DNMT3A,N501S,Benign,133986,Q9Y6K1,Folded,0.1,6.16684152631164e-05,-9.686697959899902
FMR1,A411T,Benign,3030246,Q06787,IDR,0.0766,0.000117253051003,-4.417017936706543
FMR1,D100E,Benign,2663123,Q06787,Folded,0.9745,0.000111486702173,-9.900577545166016
FMR1,I170L,Benign,2463538,Q06787,Folded,0.2218,0.0003141728343826,-7.511898994445801
FMR1,V225I,Pathogenic,1801484,Q06787,Folded,0.712,9.112130359234528e-05,-9.722086906433105
FMR1,T607M,Benign,1780757,Q06787,IDR,0.0849,0.0002741620010606,-5.815621376037598
FMR1,N341S,Benign,1763358,Q06787,IDR,0.0558,0.0001679096672181,-2.203256368637085
FMR1,P289L,Pathogenic,1098346,Q06787,IDR,0.9988,0.0013651783454292,-14.361798286437988
FMR1,T160I,Benign,975230,Q06787,Folded,0.0864,0.0001604601973299,-10.69017219543457
FMR1,K119N,Benign,804091,Q06787,Folded,0.8208,0.0002907349222968,-7.510735511779785
FMR1,G266E,Pathogenic,590253,Q06787,Folded,1.0,0.0007379264440503,-12.269679069519043
FMR1,Y419C,Pathogenic,372871,Q06787,IDR,0.9989,0.0002055012051239,-12.062665939331055
FMR1,N174K,Benign,211029,Q06787,Folded,0.7313,0.0002398169642559,-10.81040096282959
FMR1,A145S,Benign,129104,Q06787,Folded,0.0703,6.953839542978013e-05,2.281075954437256
FMR1,I304N,Pathogenic,9969,Q06787,IDR,1.0,0.0006643501371037,-19.12632179260254
FOXP1,M559I,Benign,2883469,Q9H334,IDR,0.1253,8.793550063102007e-05,-0.021373271942138672
FOXP1,P218H,Benign,2851792,Q9H334,IDR,0.1261,0.0004442049274735,-8.444354057312012
FOXP1,K166I,Benign,2851548,Q9H334,IDR,0.6292,0.0008171409371244,-14.217191696166992
FOXP1,H298Y,Benign,2835200,Q9H334,IDR,0.0875,0.0002809037553808,-8.405736923217773
FOXP1,A609V,Benign,2777908,Q9H334,IDR,0.0814,6.850314688922055e-05,-5.689014911651611
FOXP1,A339D,Pathogenic,2577931,Q9H334,Folded,1.0,0.000342816297886,-14.381453514099121
FOXP1,N38S,Benign,2547933,Q9H334,IDR,0.0562,0.0002230131158031,-3.4074885845184326
FOXP1,T256M,Benign,2428277,Q9H334,IDR,0.1443,0.0001321041335344,-9.988001823425293
FOXP1,V417I,Benign,2190914,Q9H334,IDR,0.0658,4.715856678760844e-05,-3.659147262573242
FOXP1,T431A,Benign,2185228,Q9H334,IDR,0.0602,3.908843187583333e-05,-5.417665958404541
FOXP1,R603Q,Benign,2180596,Q9H334,IDR,0.0796,0.0002028306032005,-0.6126345992088318
FOXP1,S561G,Benign,2175933,Q9H334,IDR,0.0967,7.371582750503869e-05,-8.209453582763672
FOXP1,C258R,Benign,2129818,Q9H334,IDR,0.297,0.000281248799651,-1.7910857200622559
FOXP1,G210R,Benign,2121351,Q9H334,IDR,0.6457,0.0004607533204815,-13.051026344299316
FOXP1,A398V,Benign,2106822,Q9H334,IDR,0.076,6.346655454281258e-05,-5.77459716796875
FOXP1,D675G,Benign,2092744,Q9H334,IDR,0.2435,9.561792381773682e-05,-8.53052043914795
FOXP1,N597S,Benign,2072470,Q9H334,IDR,0.0591,4.088999891271872e-05,-4.089130878448486
FOXP1,V652G,Benign,2070992,Q9H334,IDR,0.8748,0.000199188592819,-14.26024055480957
FOXP1,R497G,Benign,2068620,Q9H334,Folded,0.6884,0.000849611510614,-6.249970436096191
FOXP1,A601T,Benign,2043875,Q9H334,IDR,0.0721,0.0001061168238961,-8.50969123840332
FOXP1,M271I,Benign,2032418,Q9H334,IDR,0.0975,9.440991737386106e-05,-2.6542649269104004
FOXP1,A164S,Benign,2028092,Q9H334,IDR,0.084,0.0001034718275874,-3.351381540298462
FOXP1,E611K,Benign,2002287,Q9H334,IDR,0.3595,0.0003067921739006,-12.986671447753906
FOXP1,S448L,Benign,1974289,Q9H334,Folded,0.1785,9.154042714287768e-05,-7.462708473205566
FOXP1,L51F,Benign,1944641,Q9H334,IDR,0.0668,0.00012551384411,-6.020021438598633
FOXP1,P286S,Benign,1935713,Q9H334,IDR,0.0781,0.0001422273368234,-6.804144859313965
FOXP1,K10R,Benign,1935444,Q9H334,IDR,0.0753,7.790582527167356e-05,-3.698962450027466
FOXP1,A462T,Benign,1909527,Q9H334,Folded,0.256,4.926250428516354e-05,-7.3480730056762695
FOXP1,A213S,Benign,1908367,Q9H334,IDR,0.0719,6.950671752870008e-05,-4.060450553894043
FOXP1,L204H,Benign,1903415,Q9H334,IDR,0.8976,0.0001979195695291,-12.066699028015137
FOXP1,A54V,Benign,1776574,Q9H334,IDR,0.0581,0.0001145365446273,-1.1999378204345703
FOXP1,K309N,Benign,1719681,Q9H334,Folded,0.9818,0.0004692677232509,-10.144132614135742
FOXP1,S290T,Pathogenic,1698865,Q9H334,IDR,0.0771,7.619950181503299e-05,-7.2718377113342285
FOXP1,L291S,Benign,1662707,Q9H334,IDR,0.0726,9.9889313343704e-05,-5.139322757720947
FOXP1,E579D,Benign,1336670,Q9H334,IDR,0.1454,7.047257277770225e-05,-8.69803524017334
FOXP1,Q574H,Pathogenic,1321547,Q9H334,IDR,0.7704,8.049524010345088e-05,-7.6817169189453125
FOXP1,Q476P,Pathogenic,1320132,Q9H334,Folded,0.9995,0.0002959583311709,-13.912840843200684
FOXP1,C341R,Pathogenic,1319269,Q9H334,Folded,0.9999,0.0007592808097379,-11.169795989990234
FOXP1,M590V,Benign,1219385,Q9H334,IDR,0.0625,7.704599879299057e-05,-5.807926654815674
FOXP1,S518N,Pathogenic,1164044,Q9H334,Folded,0.9999,0.000235304819293,-16.3602294921875
FOXP1,P466T,Pathogenic,1013484,Q9H334,Folded,0.9999,0.000110620084867,-13.544279098510742
FOXP1,Q3R,Benign,984882,Q9H334,IDR,0.1291,9.226257245409376e-05,-12.747305870056152
FOXP1,H515R,Pathogenic,984631,Q9H334,Folded,1.0,0.0008355708632423,-9.700918197631836
FOXP1,Y492C,Pathogenic,976000,Q9H334,Folded,0.9971,0.0021266536568339,-9.51777458190918
FOXP1,R514P,Pathogenic,975881,Q9H334,Folded,0.9999,0.0006564857013117,-17.5296630859375
FOXP1,M366V,Pathogenic,944907,Q9H334,IDR,0.9433,0.0001609048747919,-9.671815872192383
FOXP1,T469I,Pathogenic,916082,Q9H334,Folded,0.9999,0.0001507796119428,-17.31992530822754
FOXP1,Y470F,Pathogenic,873452,Q9H334,Folded,0.9557,6.027985937506752e-05,-13.389398574829102
FOXP1,L517R,Pathogenic,801983,Q9H334,Folded,0.9999,0.0009777760810003,-19.120471954345703
FOXP1,D334H,Pathogenic,691264,Q9H334,Folded,0.9994,0.0005803680027334,-15.409390449523926
FOXP1,V630L,Benign,562025,Q9H334,IDR,0.0932,7.759114005523315e-05,-3.692164421081543
FOXP1,R465T,Pathogenic,559905,Q9H334,Folded,0.9999,0.0010596994270478,-18.333303451538086
FOXP1,A450T,Pathogenic,451160,Q9H334,Folded,0.0893,3.675370017486301e-05,-3.713524341583252
FOXP1,M102I,Benign,435250,Q9H334,IDR,0.7806,0.0002005546167176,-8.700571060180664
FOXP1,L355P,Pathogenic,421700,Q9H334,Folded,0.9999,0.0003627006077301,-15.180908203125
FOXP1,P466A,Pathogenic,374144,Q9H334,Folded,0.9995,0.0001233970090073,-12.59185791015625
FOXP1,Q57E,Benign,281531,Q9H334,IDR,0.1083,0.0001981530791039,-8.70556354522705
FOXP1,Y470C,Pathogenic,280463,Q9H334,Folded,0.9999,0.0003404902037305,-14.889297485351562
FOXP1,R514C,Pathogenic,217265,Q9H334,Folded,1.0,0.000703914396593,-12.616246223449707
FOXP1,W534R,Pathogenic,156541,Q9H334,Folded,1.0,0.0004413090149584,-13.289361953735352
FOXP1,R33P,Benign,129107,Q9H334,IDR,0.2755,0.0001143034087558,-3.3522303104400635
HCN1,A294V,Pathogenic,2833978,O60741,Folded,0.981,0.0002432640477694,-12.767671585083008
HCN1,L673R,Benign,2795440,O60741,IDR,0.193,0.0001958818960954,-4.752588272094727
HCN1,A387G,Pathogenic,2729721,O60741,Folded,0.9211,0.0007178408201745,-9.219250679016113
HCN1,H53Q,Benign,2724937,O60741,IDR,0.1269,0.0001899941399388,-3.0047826766967773
HCN1,P366T,Pathogenic,2627061,O60741,Folded,0.9964,0.0007571691969469,-10.825708389282227
HCN1,M376R,Pathogenic,2584433,O60741,Folded,0.9987,0.0001282348099741,-14.432683944702148
HCN1,T260I,Pathogenic,2498972,O60741,Folded,0.9907,0.0010622785368946,-10.466751098632812
HCN1,H679R,Benign,2167668,O60741,IDR,0.1113,0.0001707445212136,-3.5169880390167236
HCN1,Q617R,Benign,2147935,O60741,Folded,0.1956,0.0004054112399772,-10.005212783813477
HCN1,R715G,Benign,2138832,O60741,IDR,0.4761,0.000253249070946,-3.3772263526916504
HCN1,R195S,Pathogenic,2128837,O60741,Folded,0.9994,0.0010082038428395,-13.088932037353516
HCN1,D880E,Benign,2103870,O60741,IDR,0.0615,5.650883589214395e-05,-2.769838809967041
HCN1,R781G,Benign,2067284,O60741,IDR,0.1953,7.057098499718695e-05,-2.749164581298828
HCN1,A387T,Pathogenic,2027999,O60741,Folded,0.9911,0.000154534760075,-9.56495189666748
HCN1,G303V,Pathogenic,2014403,O60741,Folded,0.713,0.0001300762458253,-11.902021408081055
HCN1,G79R,Benign,1911657,O60741,IDR,0.3515,7.898116068805194e-05,-5.883259296417236
HCN1,N179Y,Pathogenic,1803037,O60741,Folded,0.9625,0.0002228277601189,-9.709627151489258
HCN1,L265H,Pathogenic,1803035,O60741,Folded,0.9995,0.0001422831170867,-17.42827606201172
HCN1,M153I,Pathogenic,1741776,O60741,Folded,0.9982,0.0003179977426043,-9.532464027404785
HCN1,N776D,Benign,1668702,O60741,IDR,0.1571,9.370918386564232e-05,-4.834693431854248
HCN1,K769R,Benign,1627880,O60741,IDR,0.0763,0.0001077192107273,-2.078232765197754
HCN1,N677S,Benign,1626270,O60741,IDR,0.0609,8.651785126345679e-05,-1.7506434917449951
HCN1,P751R,Benign,1578121,O60741,IDR,0.1053,0.0001756640512331,-6.714648246765137
HCN1,P879S,Benign,1554103,O60741,IDR,0.0649,5.9776274220602055e-05,-2.3721237182617188
HCN1,A714S,Benign,1510095,O60741,IDR,0.0674,7.727215443498192e-05,-2.928039312362671
HCN1,A387P,Pathogenic,1480620,O60741,Folded,0.9997,0.0001690837915034,-14.577817916870117
HCN1,F81L,Benign,1391626,O60741,IDR,0.481,0.000252705758722,-2.3132851123809814
HCN1,G830A,Benign,1381558,O60741,IDR,0.0728,4.321269919194126e-05,-3.1916284561157227
HCN1,V390A,Pathogenic,1342980,O60741,Folded,0.9917,0.0005094813787769,-10.38416576385498
HCN1,I380F,Pathogenic,1342979,O60741,Folded,0.9696,0.0006932781011654,-12.336063385009766
HCN1,A395G,Pathogenic,1342978,O60741,Folded,0.9112,0.0008031797421295,-13.392549514770508
HCN1,E246A,Pathogenic,1341556,O60741,Folded,0.7711,0.0004684917211421,-9.360000610351562
HCN1,A383V,Pathogenic,1328701,O60741,Folded,0.9929,0.0004072444746455,-10.335256576538086
HCN1,P210S,Pathogenic,1308642,O60741,Folded,0.9856,0.0003222103657367,-6.53082799911499
HCN1,H286Q,Pathogenic,1298994,O60741,Folded,0.9869,0.0001067433542011,-10.364211082458496
HCN1,I397M,Pathogenic,1298993,O60741,Folded,0.9637,5.918473610577735e-05,-12.493393898010254
HCN1,N200S,Benign,1112424,O60741,Folded,0.1194,0.0003399993228705,-4.468486785888672
HCN1,I693V,Benign,1105577,O60741,IDR,0.0626,5.951783783808562e-05,-3.001221179962158
HCN1,G391V,Pathogenic,1074847,O60741,Folded,0.9993,0.0002407461825956,-14.057823181152344
HCN1,K128R,Benign,1046687,O60741,Folded,0.1427,3.098581736526995e-05,-6.386476516723633
HCN1,R88G,Benign,1046259,O60741,IDR,0.0971,5.931264283531856e-05,-3.883176326751709
HCN1,A670V,Benign,1016986,O60741,IDR,0.1064,0.0001049176085623,-4.60709285736084
HCN1,L774P,Benign,1013774,O60741,IDR,0.1889,0.0005398795209905,-3.8263747692108154
HCN1,S100A,Benign,1011220,O60741,Folded,0.1074,0.0001378846518562,-2.7580509185791016
HCN1,G521V,Pathogenic,976076,O60741,Folded,0.2858,0.0003521355791759,-6.667717456817627
HCN1,W221R,Benign,975705,O60741,Folded,0.9999,0.0005463843250185,-11.193626403808594
HCN1,A821V,Benign,948314,O60741,IDR,0.0779,5.776613593844182e-05,-3.8991858959198
HCN1,P656R,Benign,935330,O60741,IDR,0.1914,0.0001346579795271,-5.752519130706787
HCN1,V61L,Benign,864598,O60741,IDR,0.1863,5.403701574191455e-05,-3.4326119422912598
HCN1,T657A,Benign,838986,O60741,IDR,0.0601,6.660620459686406e-05,-3.9733965396881104
HCN1,A365V,Benign,833982,O60741,Folded,0.8818,0.0004331229078081,-11.02194881439209
HCN1,A720D,Benign,833981,O60741,IDR,0.4435,0.0001358846239783,-5.403289318084717
HCN1,P852Q,Benign,833771,O60741,IDR,0.1622,3.9233487614032114e-05,-4.412248134613037
HCN1,L727M,Benign,833636,O60741,IDR,0.1057,0.0001135313168146,-4.614158630371094
HCN1,L396I,Benign,833550,O60741,Folded,0.978,0.0005648136254268,-12.620654106140137
HCN1,T757I,Benign,763142,O60741,IDR,0.0864,0.000121483356539,-5.8585710525512695
HCN1,S695A,Benign,713218,O60741,IDR,0.0918,0.0001548238194049,-6.031581878662109
HCN1,A724T,Benign,699883,O60741,IDR,0.1069,4.212275050086145e-05,-3.612677574157715
HCN1,L157V,Pathogenic,635193,O60741,Folded,0.8955,9.72484291587028e-05,-10.250824928283691
HCN1,V414M,Pathogenic,635192,O60741,Folded,0.9978,0.0001550198386712,-11.278200149536133
HCN1,C329S,Pathogenic,635191,O60741,Folded,0.8309,8.979473252057613e-05,-6.648227691650391
HCN1,R590Q,Pathogenic,635190,O60741,Folded,0.9984,0.0001537380357635,-14.120930671691895
HCN1,G391S,Pathogenic,635189,O60741,Folded,0.993,0.0004427264842808,-11.48600959777832
HCN1,M243R,Pathogenic,635188,O60741,Folded,0.674,0.0010152905431631,-7.623605728149414
HCN1,P751A,Benign,588384,O60741,IDR,0.0596,5.721321409102309e-05,-5.2985029220581055
HCN1,N448S,Benign,582604,O60741,Folded,0.078,0.0001387769036391,0.7733564972877502
HCN1,I380T,Benign,579671,O60741,Folded,0.9259,0.0004508950578326,-10.033966064453125
HCN1,P681S,Benign,578466,O60741,IDR,0.0666,8.041479824916209e-05,-3.487157106399536
HCN1,S9P,Benign,530572,O60741,IDR,0.0961,0.00017723208528,-4.280491828918457
HCN1,P683T,Benign,530459,O60741,IDR,0.0653,6.368605417894635e-05,-3.369776725769043
HCN1,T687N,Benign,530446,O60741,IDR,0.0719,9.202303766731036e-05,-5.439362049102783
HCN1,G86R,Benign,530439,O60741,IDR,0.4773,8.863540079706578e-05,-4.27644681930542
HCN1,Y234F,Pathogenic,461375,O60741,Folded,0.6684,0.000232701051027,-8.200706481933594
HCN1,R548H,Benign,461361,O60741,Folded,0.9218,0.0001657203487684,-12.37317180633545
HCN1,A23V,Benign,404097,O60741,IDR,0.0975,5.009348224827015e-05,-3.2951695919036865
HCN1,P43L,Benign,404096,O60741,IDR,0.0962,8.252839420119784e-05,-4.357072830200195
HCN1,R854P,Benign,404095,O60741,IDR,0.255,0.0002234475884683,-2.368940591812134
HCN1,S651W,Benign,404094,O60741,IDR,0.2671,0.0001823204723865,-8.495746612548828
HCN1,M305L,Pathogenic,384546,O60741,Folded,0.8911,0.0001080148523127,-9.993576049804688
HCN1,M153I,Pathogenic,375530,O60741,Folded,0.9982,0.0003179977426043,-9.532464027404785
HCN1,G391D,Pathogenic,375529,O60741,Folded,1.0,0.000173845373418,-12.661555290222168
HCN1,R297T,Pathogenic,139574,O60741,Folded,0.9993,0.0011017412507474,-17.456430435180664
HCN1,S272P,Pathogenic,139573,O60741,Folded,0.9918,0.0001514693014748,-14.904929161071777
HNRNPU,G233S,Benign,3026990,Q00839,IDR,0.0732,0.000133584506218,-4.555634498596191
HNRNPU,P470R,Benign,2988142,Q00839,Folded,0.1706,0.0001240712217602,-12.548050880432129
HNRNPU,K186M,Benign,2965645,Q00839,IDR,0.2084,0.0002021873315475,-5.6751708984375
HNRNPU,K181T,Benign,2955487,Q00839,IDR,0.1353,0.0002266697719334,-3.8480985164642334
HNRNPU,P5S,Benign,2848327,Q00839,Folded,0.1863,5.8950319312023325e-05,-1.7421717643737793
HNRNPU,G362V,Pathogenic,2822962,Q00839,Folded,0.9993,0.0001597253634567,-14.6519193649292
HNRNPU,M338T,Pathogenic,2816872,Q00839,Folded,0.8957,0.000103079749643,-10.857627868652344
HNRNPU,L428F,Benign,2811714,Q00839,Folded,0.4867,0.0001435200724383,-11.087078094482422
HNRNPU,A203P,Benign,2803024,Q00839,IDR,0.0743,0.0001925944014166,-3.509305477142334
HNRNPU,G58R,Benign,2781829,Q00839,IDR,0.3662,0.0001374080394592,-5.593512535095215
HNRNPU,A230P,Benign,2781030,Q00839,IDR,0.088,0.0002910925975132,-4.603458404541016
HNRNPU,L290F,Pathogenic,2768940,Q00839,Folded,0.9116,7.495668142554202e-05,-12.075919151306152
HNRNPU,G111A,Benign,2750591,Q00839,IDR,0.092,0.0001055863731683,-3.8753609657287598
HNRNPU,G222V,Benign,2727056,Q00839,IDR,0.1154,9.528008786741092e-05,-7.012243747711182
HNRNPU,N772S,Benign,2725768,Q00839,IDR,0.0569,5.094785248593858e-05,-7.869126319885254
HNRNPU,D280N,Benign,2724330,Q00839,IDR,0.7682,5.745866432993463e-05,-7.5407867431640625
HNRNPU,L439H,Benign,2713306,Q00839,Folded,0.946,0.0001119699627808,-13.495051383972168
HNRNPU,P465S,Benign,2712804,Q00839,Folded,0.3213,4.412597842373689e-05,-9.101237297058105
HNRNPU,C453G,Benign,2430024,Q00839,Folded,0.8497,7.913135819614947e-05,-13.72578239440918
HNRNPU,N424S,Benign,2413567,Q00839,Folded,0.7918,7.655407432682892e-05,-7.6948723793029785
HNRNPU,V604I,Benign,2405113,Q00839,Folded,0.1422,4.900885217140605e-05,-3.5185165405273438
HNRNPU,T474I,Benign,2210321,Q00839,Folded,0.1064,7.962503023728473e-05,-9.068528175354004
HNRNPU,N797S,Benign,2165141,Q00839,IDR,0.512,7.017709801160343e-05,-8.117624282836914
HNRNPU,T530A,Benign,2162156,Q00839,Folded,0.9303,0.0001502952658249,-11.321135520935059
HNRNPU,G157R,Benign,2124627,Q00839,IDR,0.2571,0.000167200438384,-5.380545139312744
HNRNPU,L419F,Benign,2111451,Q00839,Folded,0.5965,9.756238898350757e-05,-9.185550689697266
HNRNPU,Q176H,Benign,2109879,Q00839,IDR,0.1614,0.0001030426154767,-6.108991622924805
HNRNPU,A603T,Pathogenic,2042325,Q00839,Folded,0.9906,4.051342523125889e-05,-9.186326026916504
HNRNPU,D27E,Benign,2016518,Q00839,Folded,0.8833,3.100969665448261e-05,-6.561027526855469
HNRNPU,N781T,Benign,2015041,Q00839,IDR,0.3267,5.84465690126601e-05,-10.640997886657715
HNRNPU,A195T,Benign,1980614,Q00839,IDR,0.0965,0.0001008026387162,-3.5920891761779785
HNRNPU,P163S,Benign,1962066,Q00839,IDR,0.0688,0.0001191028200173,-5.3648247718811035
HNRNPU,G151S,Benign,1960288,Q00839,IDR,0.0784,7.091270114822912e-05,-5.474763870239258
HNRNPU,K21E,Pathogenic,1803039,Q00839,Folded,0.9751,0.0003591229686108,-7.7371063232421875
HNRNPU,G119S,Benign,1732689,Q00839,IDR,0.0805,6.476076594696956e-05,-4.559953689575195
HNRNPU,L38I,Pathogenic,1685884,Q00839,Folded,0.9839,8.375941799276809e-05,-11.374993324279785
HNRNPU,A440G,Benign,1674492,Q00839,Folded,0.0849,9.045944264751692e-05,-6.147139549255371
HNRNPU,T641S,Benign,1664990,Q00839,Folded,0.1647,2.5133670585875123e-05,-8.185443878173828
HNRNPU,N735S,Benign,1660216,Q00839,IDR,0.1149,5.531761584920414e-05,-4.2307305335998535
HNRNPU,V623L,Benign,1610943,Q00839,Folded,0.4044,5.951631252743006e-05,-7.786840438842773
HNRNPU,G717R,Benign,1608657,Q00839,IDR,0.9643,7.399198123314576e-05,-9.28412914276123
HNRNPU,Q169R,Benign,1599213,Q00839,IDR,0.1126,0.0001733249185683,-5.77542781829834
HNRNPU,P225R,Benign,1595959,Q00839,IDR,0.1611,0.0002350762008485,-3.2257111072540283
HNRNPU,Q807H,Benign,1563712,Q00839,IDR,0.807,5.282923155780495e-05,-8.4581298828125
HNRNPU,T685A,Benign,1550006,Q00839,IDR,0.0932,0.0001482610016776,-4.863651275634766
HNRNPU,P446A,Benign,1538892,Q00839,Folded,0.8616,0.0001224184039829,-9.970207214355469
HNRNPU,P200A,Benign,1532659,Q00839,IDR,0.0563,8.359346137409851e-05,-2.5961062908172607
HNRNPU,S766A,Benign,1502459,Q00839,IDR,0.1055,8.801975924366268e-05,-5.100096225738525
HNRNPU,R762C,Benign,1425419,Q00839,IDR,0.8077,0.0001182164236299,-8.543219566345215
HNRNPU,E394Q,Benign,1399702,Q00839,Folded,0.1861,4.960105017959293e-05,-10.156403541564941
HNRNPU,S746I,Benign,1351565,Q00839,IDR,0.3045,0.0001712592001994,-5.858405590057373
HNRNPU,G373D,Pathogenic,1333693,Q00839,Folded,0.9992,0.0001432262801457,-10.507471084594727
HNRNPU,E125D,Benign,1196263,Q00839,IDR,0.0736,3.225060092348908e-05,-4.69096565246582
HNRNPU,S687P,Benign,1134559,Q00839,IDR,0.2392,6.052241974385808e-05,-10.43462085723877
HNRNPU,D496G,Benign,1129697,Q00839,Folded,0.2548,0.0001536640546809,-10.472146034240723
HNRNPU,N792S,Benign,1078869,Q00839,IDR,0.2635,3.512079003731294e-05,-9.278350830078125
HNRNPU,G220V,Benign,1061461,Q00839,IDR,0.1176,9.030171219670537e-05,-6.8254714012146
HNRNPU,I469V,Benign,1044640,Q00839,Folded,0.0521,3.04440422274066e-05,-1.9253253936767578
HNRNPU,G157R,Benign,1011243,Q00839,IDR,0.2571,0.000167200438384,-5.380545139312744
HNRNPU,G101R,Benign,1003533,Q00839,IDR,0.2335,0.0001282654519391,-5.672635555267334
HNRNPU,R268K,Pathogenic,992827,Q00839,IDR,0.9336,4.655108230811056e-05,-9.014657974243164
HNRNPU,A152V,Benign,951324,Q00839,IDR,0.0898,5.527645482050758e-05,-5.0428009033203125
HNRNPU,E75Q,Benign,941217,Q00839,IDR,0.1091,7.247942211230374e-05,-4.11179256439209
HNRNPU,E140K,Benign,871337,Q00839,IDR,0.6113,0.0001857594931801,-7.355066299438477
HNRNPU,Q169H,Benign,836208,Q00839,IDR,0.1495,0.000121042968398,-6.33290433883667
HNRNPU,Q784E,Benign,833746,Q00839,IDR,0.7247,0.0002682347514455,-12.297029495239258
HNRNPU,I406V,Benign,796590,Q00839,Folded,0.1091,2.2687216432060172e-05,-8.827081680297852
HNRNPU,P120R,Benign,765751,Q00839,IDR,0.1147,0.0001802989396891,-3.604217052459717
HNRNPU,R303I,Benign,755307,Q00839,Folded,0.9905,0.0001148766489464,-17.621938705444336
HNRNPU,D395H,Benign,751205,Q00839,Folded,0.8363,7.294499655685627e-05,-12.702486991882324
HNRNPU,G153D,Benign,701987,Q00839,IDR,0.1294,5.259851570948992e-05,-4.140889644622803
HNRNPU,S695G,Benign,699857,Q00839,IDR,0.0731,6.967239408783854e-05,-2.9059016704559326
HNRNPU,D147E,Benign,644677,Q00839,IDR,0.0671,3.297212291597518e-05,-2.025054931640625
HNRNPU,K464R,Benign,640515,Q00839,Folded,0.0964,0.0001290920405525,-5.539670944213867
HNRNPU,A227V,Benign,640405,Q00839,IDR,0.0838,0.0001474810082969,-5.606647491455078
HNRNPU,D147N,Benign,574129,Q00839,IDR,0.1165,8.982359842302223e-05,-5.650566101074219
HNRNPU,R755C,Benign,568783,Q00839,IDR,0.8469,0.0001493551863549,-5.5219831466674805
HNRNPU,Q581H,Pathogenic,545072,Q00839,Folded,0.9963,0.0001914855924696,-8.779228210449219
HNRNPU,E651A,Benign,532556,Q00839,Folded,0.1756,0.0001158118434316,-10.415617942810059
HNRNPU,E279D,Benign,532553,Q00839,IDR,0.2278,3.5922137426203093e-05,-3.682687282562256
HNRNPU,R324G,Pathogenic,522110,Q00839,Folded,0.9954,7.727030086546183e-05,-13.886761665344238
HNRNPU,K28R,Benign,446406,Q00839,Folded,0.1175,8.037763464630032e-05,-3.818838596343994
HNRNPU,K423R,Benign,414099,Q00839,Folded,0.2046,9.664643608031652e-05,-10.242624282836914
HNRNPU,T292I,Benign,406727,Q00839,Folded,0.6058,6.312563368926494e-05,-11.940827369689941
PAX5,P130T,Pathogenic,2580271,Q02548,Folded,1.0,0.0012029410685397,-16.282236099243164
PAX5,S134C,Pathogenic,2580249,Q02548,Folded,0.9996,0.00044390647632,-15.933351516723633
PAX5,V26G,Pathogenic,2580248,Q02548,IDR,0.9446,0.0022132594453931,-9.752216339111328
PAX5,P321H,Pathogenic,1210159,Q02548,IDR,0.4217,0.0003626744258695,-11.564619064331055
PAX5,R221W,Pathogenic,1210158,Q02548,IDR,0.8239,0.0021772086900105,-15.408114433288574
PAX5,D53H,Pathogenic,1210156,Q02548,IDR,0.9997,0.0007535425759945,-14.496387481689453
PAX5,G85R,Pathogenic,1172745,Q02548,Folded,1.0,0.001215789166405,-14.846593856811523
PAX5,P80R,Pathogenic,624590,Q02548,IDR,0.9988,0.0007041453655329,-18.458349227905273
PAX5,A308V,Benign,436163,Q02548,IDR,0.1399,0.0003295215343557,-8.354533195495605
PAX5,A322T,Benign,135003,Q02548,IDR,0.0707,0.0001318841300452,-1.0004167556762695
PAX5,V82I,Benign,134999,Q02548,IDR,0.4406,0.0001824506390832,-11.50520133972168
PAX5,D2E,Benign,134997,Q02548,IDR,0.1118,5.429636683107475e-05,-2.7951574325561523
PTEN,K221E,Pathogenic,3026433,P60484,Folded,0.9748,0.0010677002265477,-10.713285446166992
PTEN,L112R,Pathogenic,2674303,P60484,Folded,0.9951,0.0011460705751035,-13.951896667480469
PTEN,A121E,Pathogenic,2674284,P60484,Folded,0.9998,0.0014414478309034,-14.756032943725586
PTEN,G127R,Pathogenic,2674283,P60484,Folded,1.0,0.0021058549773027,-13.51008415222168
PTEN,A126D,Pathogenic,2674280,P60484,Folded,0.9993,0.0048884321473013,-12.924376487731934
PTEN,M1R,Pathogenic,2674279,P60484,Folded,0.9545,0.0023835674494928,-8.812352180480957
PTEN,Y27F,Pathogenic,2663192,P60484,Folded,0.8094,0.0003246534408137,-9.68612289428711
PTEN,C105R,Pathogenic,2628372,P60484,Folded,0.9999,0.0007141973051821,-13.804780006408691
PTEN,H118P,Pathogenic,2624869,P60484,Folded,0.9765,0.0014173272273685,-14.539669036865234
PTEN,H64P,Pathogenic,2574362,P60484,Folded,0.9895,0.0008410575874849,-16.477397918701172
PTEN,A121T,Pathogenic,2502558,P60484,Folded,0.951,0.0018264613186854,-11.033827781677246
PTEN,N276S,Pathogenic,2502345,P60484,Folded,0.9416,0.0008935336916052,-9.685281753540039
PTEN,K66E,Pathogenic,2499958,P60484,Folded,0.9937,0.0011302240227375,-16.908510208129883
PTEN,D326N,Pathogenic,2498032,P60484,Folded,0.9995,0.0002681820504438,-9.161944389343262
PTEN,I67R,Pathogenic,2429351,P60484,Folded,0.9995,0.0001242754805347,-15.46851634979248
PTEN,D19V,Pathogenic,2001733,P60484,Folded,0.9893,0.000485986521292,-12.599604606628418
PTEN,K125R,Pathogenic,1803052,P60484,Folded,0.9063,0.0022296646010876,-11.730244636535645
PTEN,F81L,Pathogenic,1802604,P60484,Folded,0.9994,0.0002082860734112,-12.310257911682129
PTEN,D92V,Pathogenic,1795656,P60484,Folded,0.9999,0.0006963821805646,-16.82596778869629
PTEN,L57S,Pathogenic,1778538,P60484,Folded,0.9996,0.0003129146735906,-15.500591278076172
PTEN,F195S,Pathogenic,1750073,P60484,Folded,0.9994,0.0006424255042194,-14.715837478637695
PTEN,Y155N,Pathogenic,1742096,P60484,Folded,0.9987,0.0006229946938954,-14.392013549804688
PTEN,C136F,Pathogenic,1737618,P60484,Folded,0.9996,0.0031320602012079,-15.273194313049316
PTEN,D107G,Pathogenic,1728902,P60484,Folded,0.9921,0.000487150346996,-10.644255638122559
PTEN,C105G,Pathogenic,1728081,P60484,Folded,0.9953,0.0006036704696166,-14.675322532653809
PTEN,H141L,Pathogenic,1708039,P60484,Folded,0.9814,0.0052881076749521,-13.317856788635254
PTEN,Y46H,Pathogenic,1701143,P60484,Folded,0.9993,0.0003160163809373,-11.946358680725098
PTEN,T167A,Pathogenic,1686107,P60484,Folded,0.9974,0.001767618777948,-13.045822143554688
PTEN,M1T,Pathogenic,1686106,P60484,Folded,0.8282,0.0013855701280572,-8.658190727233887
PTEN,D24V,Pathogenic,1511392,P60484,Folded,0.9999,0.0008178177048006,-13.472062110900879
PTEN,M1I,Pathogenic,1457954,P60484,Folded,0.8189,0.0011129537778924,-8.297773361206055
PTEN,G165V,Pathogenic,1341516,P60484,Folded,0.9994,0.0013228799940685,-14.368908882141113
PTEN,G36R,Pathogenic,1334551,P60484,Folded,0.9999,0.0005142544789994,-15.046157836914062
PTEN,L100F,Pathogenic,1207213,P60484,Folded,0.9398,0.0008309066946111,-10.627564430236816
PTEN,Q171K,Pathogenic,1198486,P60484,Folded,0.9988,0.0002274060147603,-16.698957443237305
PTEN,R173G,Pathogenic,1176553,P60484,Folded,0.9995,0.0003401040502188,-14.38188362121582
PTEN,F154C,Pathogenic,1175130,P60484,Folded,0.8864,0.0025210211608603,-8.311629295349121
PTEN,L25F,Pathogenic,1068214,P60484,Folded,0.9978,0.0003249594970348,-9.824934005737305
PTEN,K342N,Pathogenic,1067478,P60484,Folded,0.9712,0.0011937644913398,-12.083123207092285
PTEN,V249G,Pathogenic,1066565,P60484,Folded,0.9946,0.0011196883129597,-14.86231517791748
PTEN,K267N,Pathogenic,1014805,P60484,Folded,0.968,0.0006945801948415,-5.8546013832092285
PTEN,K13E,Pathogenic,988004,P60484,Folded,0.9997,0.0004072970270667,-13.771979331970215
PTEN,M35L,Pathogenic,976722,P60484,Folded,0.9581,0.0006120535306505,-12.303239822387695
PTEN,Y177H,Pathogenic,974864,P60484,Folded,0.9969,0.0002345737796175,-12.5598783493042
PTEN,K128E,Pathogenic,958105,P60484,Folded,0.9997,0.0070470517048696,-14.657215118408203
PTEN,S170N,Pathogenic,951765,P60484,Folded,0.9996,0.001084298829785,-15.27472972869873
PTEN,T26N,Pathogenic,949068,P60484,Folded,0.9861,0.0010476985171087,-10.686868667602539
PTEN,N12I,Pathogenic,944445,P60484,Folded,0.9727,0.0012436459509682,-12.17984390258789
PTEN,N31D,Pathogenic,943637,P60484,Folded,0.769,0.0012058005079146,-12.221973419189453
PTEN,V53A,Pathogenic,916219,P60484,Folded,0.9956,0.000522642763747,-10.835491180419922
PTEN,K128R,Pathogenic,864223,P60484,Folded,0.9615,0.0016476953044155,-8.957099914550781
PTEN,D326G,Pathogenic,857109,P60484,Folded,0.9996,0.0004525736454743,-11.662593841552734
PTEN,K13Q,Pathogenic,846550,P60484,Folded,0.9992,0.0003120836698256,-11.861434936523438
PTEN,L181P,Pathogenic,825730,P60484,Folded,0.9997,0.0004573181712651,-17.570829391479492
PTEN,S170R,Pathogenic,825458,P60484,Folded,0.9999,0.0003521971790112,-18.50886344909668
PTEN,C124S,Pathogenic,824108,P60484,Folded,0.9995,0.0031070117446184,-11.98607063293457
PTEN,P38L,Pathogenic,818421,P60484,Folded,0.9992,0.0008155722344231,-8.809514045715332
PTEN,G129R,Pathogenic,804339,P60484,Folded,1.0,0.0024076405220956,-14.008584976196289
PTEN,K6E,Pathogenic,644390,P60484,Folded,0.9903,0.0004649839452657,-14.245901107788086
PTEN,V255E,Pathogenic,623214,P60484,Folded,0.9995,0.0008710468406741,-17.63840675354004
PTEN,M134I,Pathogenic,619908,P60484,Folded,0.9985,0.0037183664916432,-11.686722755432129
PTEN,T277A,Pathogenic,571869,P60484,Folded,0.9908,0.0005778213556042,-10.965728759765625
PTEN,S170R,Pathogenic,569301,P60484,Folded,0.9999,0.0003521971790112,-18.50886344909668
PTEN,D310G,Pathogenic,566673,P60484,Folded,0.1076,0.0002152729605673,-7.5461812019348145
PTEN,Y155S,Pathogenic,547759,P60484,Folded,0.9959,0.0017286131099001,-15.076909065246582
PTEN,Y68D,Pathogenic,536540,P60484,Folded,0.9999,0.0010545802820534,-17.99231719970703
PTEN,H93N,Pathogenic,523356,P60484,Folded,0.9995,0.0004768797423145,-8.424503326416016
PTEN,V166E,Pathogenic,486974,P60484,Folded,0.9998,0.0004399878473132,-17.01418685913086
PTEN,G36E,Pathogenic,486972,P60484,Folded,0.9999,0.0006081935638536,-16.953155517578125
PTEN,D107Y,Pathogenic,484614,P60484,Folded,0.9951,0.0025565590285832,-12.78819465637207
PTEN,L345P,Pathogenic,484605,P60484,Folded,0.9998,0.0004160253620265,-14.775702476501465
PTEN,M1V,Pathogenic,484600,P60484,Folded,0.2368,0.0013623326412234,-7.236946105957031
PTEN,Y68S,Pathogenic,481032,P60484,Folded,0.9982,0.0006744717655285,-15.6369047164917
PTEN,M198K,Pathogenic,468702,P60484,Folded,0.998,0.0001862287582116,-14.712823867797852
PTEN,A126T,Pathogenic,468683,P60484,Folded,0.9995,0.0059708173379513,-15.570388793945312
PTEN,P96L,Pathogenic,449089,P60484,Folded,0.9983,0.0003133987459655,-13.963973999023438
PTEN,T160I,Pathogenic,431851,P60484,Folded,0.999,0.0001717465215744,-13.013809204101562
PTEN,M134R,Pathogenic,431829,P60484,Folded,0.9999,0.0017531933578185,-16.958297729492188
PTEN,H123D,Pathogenic,428277,P60484,Folded,0.9998,0.0040236128212893,-16.672014236450195
PTEN,T277R,Pathogenic,428268,P60484,Folded,0.9989,0.0006920902026151,-15.849373817443848
PTEN,M134I,Pathogenic,428267,P60484,Folded,0.9985,0.0037183664916432,-11.686722755432129
PTEN,G20V,Pathogenic,428266,P60484,Folded,0.9934,0.0005891761079367,-11.070636749267578
PTEN,R159M,Pathogenic,428262,P60484,Folded,1.0,0.0015842302899474,-14.947032928466797
PTEN,R173L,Pathogenic,428258,P60484,Folded,0.998,0.0005130955997608,-13.29764175415039
PTEN,G165R,Pathogenic,428256,P60484,Folded,0.9999,0.0008528500029107,-11.579472541809082
PTEN,M35T,Pathogenic,428244,P60484,Folded,0.9971,0.0007947440467066,-12.836856842041016
PTEN,R15T,Pathogenic,428243,P60484,Folded,0.9999,0.0003647189720396,-13.230215072631836
PTEN,A126V,Pathogenic,428234,P60484,Folded,0.9997,0.0024688250843206,-15.615511894226074
PTEN,V119L,Pathogenic,428226,P60484,Folded,0.992,0.0010040563132218,-9.418777465820312
PTEN,G127E,Pathogenic,428225,P60484,Folded,1.0,0.0023437032247457,-17.68108558654785
PTEN,H272P,Pathogenic,428223,P60484,Folded,0.9964,0.0007307681937451,-14.378273010253906
PTEN,K128N,Pathogenic,428220,P60484,Folded,0.9999,0.0042492173772076,-14.989997863769531
PTEN,K254T,Pathogenic,428207,P60484,Folded,0.9954,0.0015956844246541,-9.559020042419434
PTEN,D92A,Pathogenic,428196,P60484,Folded,0.9998,0.0006379612728146,-16.4293212890625
PTEN,W274L,Pathogenic,427600,P60484,Folded,0.9965,0.0009310604620665,-12.394257545471191
PTEN,T202I,Pathogenic,427595,P60484,Folded,0.9943,0.0001984738259707,-10.128846168518066
PTEN,N12T,Pathogenic,427586,P60484,Folded,0.8218,0.0007939435705249,-10.483834266662598
PTEN,G44D,Pathogenic,427582,P60484,Folded,0.9982,0.0008761205228523,-14.970771789550781
PTEN,P38R,Pathogenic,424262,P60484,Folded,0.9995,0.0005233025701328,-13.854930877685547
PTEN,Y16D,Pathogenic,422899,P60484,Folded,0.9988,0.000393624224794,-14.439480781555176
PTEN,Y155C,Pathogenic,404168,P60484,Folded,0.9967,0.0017959793075267,-12.779542922973633
PTEN,Y27C,Pathogenic,404160,P60484,Folded,0.9817,0.0001179832750239,-9.446734428405762
PTEN,R15K,Pathogenic,404147,P60484,Folded,0.9964,0.0004770522370849,-7.91533088684082
PTEN,L98R,Pathogenic,404143,P60484,Folded,0.998,0.0008749484224618,-14.159324645996094
PTEN,R159S,Pathogenic,375959,P60484,Folded,0.9999,0.0029829296245605,-13.79336929321289
PTEN,R130G,Pathogenic,375958,P60484,Folded,0.9999,0.0029995953533585,-14.199847221374512
PTEN,R47K,Pathogenic,373446,P60484,Folded,0.998,0.0004349870783681,-10.4239501953125
PTEN,D107V,Pathogenic,372481,P60484,Folded,0.9967,0.001912843642512,-14.219013214111328
PTEN,Y27S,Pathogenic,280724,P60484,Folded,0.9872,0.0005578939031264,-11.96931266784668
PTEN,C211W,Pathogenic,279878,P60484,Folded,0.9978,0.0006739074806797,-9.873147010803223
PTEN,L23V,Pathogenic,234830,P60484,Folded,0.9813,0.0004490061563652,-10.725469589233398
PTEN,F81C,Pathogenic,234710,P60484,Folded,0.9992,0.0003241480534244,-14.504356384277344
PTEN,T26P,Pathogenic,234410,P60484,Folded,0.9965,0.0017879954992519,-14.706745147705078
PTEN,S170I,Pathogenic,233590,P60484,Folded,0.9998,0.0006387999289679,-16.81855583190918
PTEN,D22H,Pathogenic,233456,P60484,Folded,0.9976,0.000295315715709,-12.741830825805664
PTEN,M35V,Pathogenic,231916,P60484,Folded,0.9682,0.0008462063427711,-9.204310417175293
PTEN,D162E,Pathogenic,224544,P60484,Folded,0.998,0.0015014354106078,-9.346369743347168
PTEN,L247S,Pathogenic,223142,P60484,Folded,0.9951,0.0013258186696383,-13.601030349731445
PTEN,Y174C,Pathogenic,220007,P60484,Folded,0.9985,0.0006401716870179,-12.32431411743164
PTEN,H141P,Pathogenic,216422,P60484,Folded,0.9995,0.0018645566227556,-18.07202911376953
PTEN,R173C,Pathogenic,189500,P60484,Folded,0.9981,0.0012101331199437,-10.86205768585205
PTEN,H93D,Pathogenic,189482,P60484,Folded,0.9999,0.000453429740342,-13.955639839172363
PTEN,P204A,Pathogenic,189415,P60484,Folded,0.993,0.0003844757862025,-10.78449821472168
PTEN,C136Y,Pathogenic,189406,P60484,Folded,0.9999,0.0024173241411309,-16.14286231994629
PTEN,P95L,Pathogenic,189403,P60484,Folded,0.9984,0.0012357338334367,-14.248160362243652
PTEN,H61R,Pathogenic,189402,P60484,Folded,0.9987,0.0003161953341113,-15.215755462646484
PTEN,R47G,Pathogenic,189401,P60484,Folded,0.9997,0.0003567347397741,-12.10647964477539
PTEN,G36R,Pathogenic,189400,P60484,Folded,0.9999,0.0005142544789994,-15.046157836914062
PTEN,D24Y,Pathogenic,189398,P60484,Folded,0.9995,0.0008258179902401,-11.603915214538574
PTEN,L57W,Pathogenic,185713,P60484,Folded,0.9916,0.0002998235536371,-15.163042068481445
PTEN,T277I,Pathogenic,184277,P60484,Folded,0.9993,0.000722145804456,-11.981427192687988
PTEN,P354Q,Benign,143020,P60484,IDR,0.1124,0.0002255344957742,-6.973152160644531
PTEN,F200V,Pathogenic,142452,P60484,Folded,0.8594,0.0004884876077365,-12.625938415527344
PTEN,P246L,Pathogenic,142269,P60484,Folded,0.9408,0.0014913204348717,-9.489500999450684
PTEN,C105Y,Pathogenic,142261,P60484,Folded,1.0,0.0020765844653042,-12.334577560424805
PTEN,Y174N,Pathogenic,142220,P60484,Folded,0.9985,0.0003743742723383,-15.454429626464844
PTEN,R130P,Pathogenic,142018,P60484,Folded,0.9998,0.0036516233158855,-14.026116371154785
PTEN,S360G,Benign,140777,P60484,IDR,0.0909,0.0003332105620424,-7.198366165161133
PTEN,G127R,Pathogenic,139568,P60484,Folded,1.0,0.0021058549773027,-13.51008415222168
PTEN,Q298E,Benign,127695,P60484,IDR,0.0664,0.0004538367884339,-2.849651575088501
PTEN,S294R,Benign,127693,P60484,IDR,0.4506,0.0005340315239924,-6.39463996887207
PTEN,G132D,Pathogenic,92822,P60484,Folded,1.0,0.0037857783247451,-18.386629104614258
PTEN,W111R,Pathogenic,92820,P60484,Folded,0.9997,0.0032971696627551,-15.017705917358398
PTEN,P96S,Pathogenic,92819,P60484,Folded,0.9995,0.000611566195374,-13.984134674072266
PTEN,A79T,Benign,41682,P60484,Folded,0.0682,0.0005169103157666,-4.653042316436768
PTEN,T131I,Pathogenic,39669,P60484,Folded,0.9999,0.0031274890158148,-11.229848861694336
PTEN,T167N,Pathogenic,39668,P60484,Folded,0.9962,0.0021348186435483,-15.652029991149902
PTEN,F241S,Pathogenic,7850,P60484,Folded,0.9871,0.0007670995754887,-11.865923881530762
PTEN,D252G,Pathogenic,7849,P60484,Folded,0.9997,0.0009880412602056,-12.902714729309082
PTEN,H93R,Pathogenic,7848,P60484,Folded,0.9997,0.0002033654220278,-15.589576721191406
PTEN,A121G,Pathogenic,7842,P60484,Folded,0.9351,0.0009511066942715,-10.83699893951416
PTEN,H61D,Pathogenic,7841,P60484,Folded,0.9996,0.0002969210253215,-16.637863159179688
PTEN,L112P,Pathogenic,7832,P60484,Folded,0.9999,0.0013076214853008,-14.854606628417969
PTEN,R130Q,Pathogenic,7829,P60484,Folded,0.9996,0.0051939066922058,-13.160247802734375
PTEN,L70P,Pathogenic,7826,P60484,Folded,1.0,0.000442377391456,-15.817506790161133
PTEN,M35R,Pathogenic,7825,P60484,Folded,0.9995,0.0005940002842848,-16.72374725341797
PTEN,C124R,Pathogenic,7817,P60484,Folded,0.9999,0.0021947053649377,-12.876686096191406
PTEN,H123R,Pathogenic,7816,P60484,Folded,0.9998,0.0057860745116611,-15.489898681640625
PTEN,S170R,Pathogenic,7815,P60484,Folded,0.9999,0.0003521971790112,-18.50886344909668
PTPN11,Y263N,Pathogenic,3024292,Q06124,Folded,0.9169,0.0008129762171007,-5.197470188140869
PTPN11,Y62S,Pathogenic,2756656,Q06124,Folded,0.9616,0.0007023905811095,-10.537684440612793
PTPN11,Q79P,Pathogenic,2735977,Q06124,Folded,0.9985,0.0007183341044628,-16.928081512451172
PTPN11,Y396C,Pathogenic,2692574,Q06124,Folded,0.9029,0.0001608803504012,-12.031105041503906
PTPN11,R173L,Pathogenic,2686008,Q06124,Folded,0.8243,0.0006910186739104,-4.629917144775391
PTPN11,E121A,Pathogenic,2686007,Q06124,Folded,0.7807,0.0003769490078032,-8.669046401977539
PTPN11,F71L,Pathogenic,2582571,Q06124,Folded,1.0,0.0003891358413196,-12.230329513549805
PTPN11,T73A,Pathogenic,2186260,Q06124,Folded,0.9907,0.0006150608310812,-10.403229713439941
PTPN11,L262F,Pathogenic,2137441,Q06124,Folded,0.9346,0.0001880614966645,-8.85050106048584
PTPN11,E139G,Pathogenic,2095543,Q06124,Folded,0.9264,0.0010774722222727,-12.998109817504883
PTPN11,Q79H,Pathogenic,2025797,Q06124,Folded,0.9414,0.0004546250065905,-9.086042404174805
PTPN11,E69A,Pathogenic,1997356,Q06124,Folded,0.9963,0.0003059028997727,-12.715553283691406
PTPN11,R498Q,Pathogenic,1805026,Q06124,Folded,0.9993,0.0003908488987661,-13.236751556396484
PTPN11,S499P,Pathogenic,1709139,Q06124,Folded,0.9979,0.0002150042533934,-14.569087028503418
PTPN11,Y62N,Pathogenic,1485945,Q06124,Folded,0.9777,0.0005332021313363,-10.003612518310547
PTPN11,F285L,Pathogenic,1201246,Q06124,Folded,0.9999,0.0004299760819366,-9.384159088134766
PTPN11,G60D,Pathogenic,987743,Q06124,Folded,0.9988,0.0004988271711678,-8.596807479858398
PTPN11,E258K,Pathogenic,982429,Q06124,Folded,0.9988,0.0003591143836763,-13.767827987670898
PTPN11,I470T,Pathogenic,982417,Q06124,Folded,0.9751,0.0010539489611781,-7.066455364227295
PTPN11,Q57H,Pathogenic,981577,Q06124,Folded,0.9965,0.0002290644526867,-9.963468551635742
PTPN11,Q510L,Pathogenic,981537,Q06124,Folded,0.9978,0.0003574745728784,-17.40689468383789
PTPN11,T468S,Benign,981534,Q06124,Folded,0.9686,0.000505174131767,-9.126580238342285
PTPN11,D106G,Pathogenic,978850,Q06124,Folded,0.9946,0.0002418707860545,-12.52580738067627
PTPN11,A31G,Pathogenic,976032,Q06124,Folded,0.9606,0.0001713754689003,-11.565616607666016
PTPN11,Q510H,Pathogenic,811634,Q06124,Folded,0.9999,9.35375463909649e-05,-13.894102096557617
PTPN11,P424L,Pathogenic,807476,Q06124,Folded,0.9987,0.0002961524233198,-13.232359886169434
PTPN11,M311T,Benign,795699,Q06124,Folded,0.0845,0.0001785982417844,-1.0993356704711914
PTPN11,F285I,Pathogenic,636408,Q06124,Folded,0.9998,0.0004820531896251,-11.990642547607422
PTPN11,L261H,Pathogenic,575203,Q06124,Folded,0.5874,0.0001599439186865,-6.66886568069458
PTPN11,E110D,Pathogenic,561745,Q06124,Folded,0.963,9.015523202871024e-05,-11.325737953186035
PTPN11,N320S,Pathogenic,522720,Q06124,Folded,0.0554,0.0001735132145063,-1.7720625400543213
PTPN11,I56T,Pathogenic,477669,Q06124,Folded,0.9999,0.0002305140315983,-15.2080659866333
PTPN11,R173P,Pathogenic,450356,Q06124,Folded,0.9943,0.0006500748392711,-10.229689598083496
PTPN11,A72D,Pathogenic,376511,Q06124,Folded,0.9999,0.0002245178516399,-10.17038631439209
PTPN11,I282T,Pathogenic,280259,Q06124,Folded,0.9999,0.0002070963224468,-13.084758758544922
PTPN11,R343Q,Benign,181766,Q06124,Folded,0.3306,0.000351620854925,-3.566711664199829
PTPN11,F71V,Pathogenic,181495,Q06124,Folded,0.9997,0.000299465288198,-14.797883033752441
PTPN11,E69V,Pathogenic,164997,Q06124,Folded,0.9985,0.0004731606068376,-12.01443099975586
PTPN11,G503A,Pathogenic,162464,Q06124,Folded,0.9982,0.000979414710197,-15.067676544189453
PTPN11,N18S,Benign,135112,Q06124,Folded,0.0705,0.0003724512742667,-3.704347610473633
PTPN11,Y279S,Pathogenic,65666,Q06124,Folded,0.9995,0.0005155927636012,-12.844982147216797
PTPN11,F285L,Pathogenic,44615,Q06124,Folded,0.9999,0.0004299760819366,-9.384159088134766
PTPN11,K131R,Benign,44607,Q06124,Folded,0.0872,0.0001153680062921,-8.69016170501709
PTPN11,Q79K,Pathogenic,44605,Q06124,Folded,0.9714,0.0012790026807881,-12.159869194030762
PTPN11,K70R,Pathogenic,44603,Q06124,Folded,0.5011,0.0003438256607529,-7.227377414703369
PTPN11,L560F,Benign,44599,Q06124,IDR,0.1257,0.0001441712984665,-7.514106750488281
PTPN11,T553M,Benign,40570,Q06124,IDR,0.0796,0.0001523714204922,-4.573960304260254
PTPN11,Q510H,Pathogenic,40567,Q06124,Folded,0.9999,9.35375463909649e-05,-13.894102096557617
PTPN11,Q510E,Pathogenic,40566,Q06124,Folded,0.9432,0.000151847456138,-18.327978134155273
PTPN11,Q506P,Pathogenic,40563,Q06124,Folded,0.9991,0.0006445048369084,-19.8161563873291
PTPN11,M504V,Pathogenic,40562,Q06124,Folded,0.9831,0.0001492909338652,-13.922192573547363
PTPN11,G503R,Pathogenic,40559,Q06124,Folded,0.9999,0.001533206414128,-15.102906227111816
PTPN11,G503R,Pathogenic,40558,Q06124,Folded,0.9999,0.001533206414128,-15.102906227111816
PTPN11,S502L,Pathogenic,40557,Q06124,Folded,0.9989,0.0004843697638243,-14.367908477783203
PTPN11,S502A,Pathogenic,40556,Q06124,Folded,0.8691,0.0004718331395081,-9.9374361038208
PTPN11,R501K,Pathogenic,40555,Q06124,Folded,0.9976,8.889767243025481e-05,-13.223814964294434
PTPN11,R498L,Pathogenic,40554,Q06124,Folded,0.9995,0.0004263604826311,-15.65713882446289
PTPN11,R498W,Pathogenic,40553,Q06124,Folded,0.9998,0.0001730984093135,-13.665410041809082
PTPN11,P491S,Pathogenic,40550,Q06124,Folded,0.7987,0.0003608485792484,-6.951817989349365
PTPN11,T468P,Pathogenic,40547,Q06124,Folded,0.9965,0.0005756597132204,-14.313633918762207
PTPN11,A461S,Pathogenic,40546,Q06124,Folded,0.972,0.0010187256330393,-11.197232246398926
PTPN11,R351Q,Benign,40541,Q06124,Folded,0.2887,0.0002830658925078,-5.278160095214844
PTPN11,I309V,Benign,40536,Q06124,Folded,0.0655,8.057711875508744e-05,-6.780458927154541
PTPN11,F285L,Pathogenic,40528,Q06124,Folded,0.9999,0.0004299760819366,-9.384159088134766
PTPN11,I282V,Pathogenic,40525,Q06124,Folded,0.9816,0.0001620066564794,-8.99959945678711
PTPN11,R265Q,Pathogenic,40522,Q06124,Folded,0.9949,0.000439251467182,-8.079683303833008
PTPN11,L262R,Pathogenic,40521,Q06124,Folded,0.9268,0.0008234581541183,-11.512092590332031
PTPN11,L261F,Pathogenic,40520,Q06124,Folded,0.5071,0.0002084378394091,-4.752357006072998
PTPN11,Q256R,Pathogenic,40518,Q06124,Folded,0.8949,0.0006069801415405,-10.229857444763184
PTPN11,E139D,Pathogenic,40513,Q06124,Folded,0.9888,0.0002018286824736,-9.548576354980469
PTPN11,E139D,Pathogenic,40512,Q06124,Folded,0.9888,0.0002018286824736,-9.548576354980469
PTPN11,D106A,Pathogenic,40506,Q06124,Folded,0.9858,0.0003218558395426,-12.666187286376953
PTPN11,E76D,Pathogenic,40503,Q06124,Folded,0.9976,0.0001202607086113,-8.533279418945312
PTPN11,E76D,Pathogenic,40502,Q06124,Folded,0.9976,0.0001202607086113,-8.533279418945312
PTPN11,E69Q,Pathogenic,40498,Q06124,Folded,0.99,0.0001921283618629,-10.238676071166992
PTPN11,D61V,Pathogenic,40496,Q06124,Folded,0.9993,0.0008510132744374,-13.464396476745605
PTPN11,D61N,Pathogenic,40495,Q06124,Folded,0.9937,0.0005122278921847,-9.688896179199219
PTPN11,D61H,Pathogenic,40494,Q06124,Folded,0.9997,0.0008873312462716,-12.740093231201172
PTPN11,G60A,Pathogenic,40493,Q06124,Folded,0.9926,0.0002597608502274,-10.401229858398438
PTPN11,N58K,Pathogenic,40488,Q06124,Folded,0.9993,0.0003132798288745,-12.111525535583496
PTPN11,N58D,Pathogenic,40487,Q06124,Folded,0.9944,0.0004488679997805,-12.7975435256958
PTPN11,N58H,Pathogenic,40486,Q06124,Folded,0.978,0.0001031252394197,-9.571656227111816
PTPN11,I56V,Pathogenic,40485,Q06124,Folded,0.9576,5.503127734673985e-05,-8.5657958984375
PTPN11,T52I,Pathogenic,40484,Q06124,Folded,0.976,0.0003624546900017,-12.674606323242188
PTPN11,T42A,Pathogenic,40482,Q06124,Folded,0.9732,0.0002904796968663,-4.898166656494141
PTPN11,Q510P,Pathogenic,13344,Q06124,Folded,0.9981,0.0001604421480719,-17.92261505126953
PTPN11,G464A,Pathogenic,13343,Q06124,Folded,0.9999,0.0005078531021581,-17.274219512939453
PTPN11,Q79R,Pathogenic,13340,Q06124,Folded,0.964,0.0011658860573258,-11.783903121948242
PTPN11,E76A,Pathogenic,13339,Q06124,Folded,0.9983,0.0004716505284415,-10.865263938903809
PTPN11,E76V,Pathogenic,13337,Q06124,Folded,0.9997,0.0003352279517976,-12.270029067993164
PTPN11,F285S,Pathogenic,13335,Q06124,Folded,0.9997,0.000869625809648,-11.598057746887207
PTPN11,T73I,Pathogenic,13334,Q06124,Folded,0.9997,0.0001620357909458,-12.50551986694336
PTPN11,Y63C,Pathogenic,13333,Q06124,Folded,0.9754,0.0004085878915344,-10.623085021972656
PTPN11,S502T,Pathogenic,13332,Q06124,Folded,0.9846,0.0001328857262389,-10.803321838378906
PTPN11,T468M,Pathogenic,13331,Q06124,Folded,0.9945,0.0006614901392688,-11.661454200744629
PTPN11,D61G,Pathogenic,13330,Q06124,Folded,0.9985,0.0004306646686248,-11.3400239944458
PTPN11,Y62D,Pathogenic,13329,Q06124,Folded,0.9939,0.0007298012983303,-15.262413024902344
PTPN11,N308S,Pathogenic,13327,Q06124,Folded,0.5185,0.0001068410191051,-6.08281946182251
PTPN11,N308D,Pathogenic,13326,Q06124,Folded,0.9963,0.0002260173119741,-13.504920959472656
PTPN11,A72S,Pathogenic,13324,Q06124,Folded,0.9164,0.0002566321577427,-7.261524200439453
SYN1,G530D,Benign,2849255,P17600,IDR,0.2019,0.0002768972657998,-5.397106170654297
SYN1,P505S,Benign,2787827,P17600,IDR,0.0663,6.44619782944611e-05,-4.586909294128418
SYN1,P509S,Benign,2723503,P17600,IDR,0.3547,5.933555607684493e-05,-4.56330680847168
SYN1,P554S,Benign,2254467,P17600,IDR,0.0604,8.804170538556644e-05,-5.4848151206970215
SYN1,K318N,Pathogenic,1700038,P17600,Folded,0.9983,0.0001621788076928,-13.602919578552246
SYN1,R420Q,Pathogenic,1319815,P17600,IDR,0.0844,8.496705238902891e-05,-1.874342918395996
SYN1,D150E,Benign,1285071,P17600,Folded,0.1562,2.486571594717546e-05,-1.4018335342407227
SYN1,S79W,Pathogenic,997017,P17600,IDR,0.9956,0.0006104905175858,-15.157197952270508
SYN1,R420W,Pathogenic,933392,P17600,IDR,0.1711,0.0001305350306541,-8.067289352416992
SYN1,S212I,Pathogenic,520609,P17600,Folded,0.9571,0.0001688558491049,-11.172615051269531
SYN1,D120E,Benign,465097,P17600,Folded,0.935,3.945868067689595e-05,-9.337151527404785
SYN1,A457P,Benign,465089,P17600,IDR,0.0755,8.602059831530617e-05,-1.6760956048965454
SYN1,A51G,Benign,139384,P17600,IDR,0.065,6.377405343449549e-05,-3.5144927501678467
TCF4,H88R,Benign,2996306,P15884,IDR,0.2188,6.970920616922172e-05,-2.5329174995422363
TCF4,S102C,Benign,2916498,P15884,IDR,0.1112,0.0001959816118612,-7.666539192199707
TCF4,M7I,Benign,2784499,P15884,IDR,0.698,0.0001619859054992,-10.651154518127441
TCF4,N488S,Benign,2724127,P15884,IDR,0.0728,9.53784495906218e-05,-5.115262031555176
TCF4,D219H,Pathogenic,2583122,P15884,IDR,0.9022,0.000446277181711,-11.901152610778809
TCF4,T293N,Benign,2122510,P15884,IDR,0.105,4.0843886361385806e-05,-6.79620361328125
TCF4,S110L,Pathogenic,2046698,P15884,IDR,0.1179,6.904326094470115e-05,-4.959419250488281
TCF4,T104A,Benign,1999888,P15884,IDR,0.0713,5.698188657587977e-05,-3.559854030609131
TCF4,R389L,Pathogenic,1722322,P15884,IDR,0.9932,0.0011209119300175,-14.017805099487305
TCF4,T12M,Benign,1699939,P15884,Folded,0.8628,0.0001479462833645,-9.185757637023926
TCF4,G496S,Pathogenic,1686252,P15884,IDR,0.0839,4.140889862258579e-05,-2.169769287109375
TCF4,H2L,Benign,1638063,P15884,IDR,0.3043,1.933345037452572e-05,-2.1794917583465576
TCF4,M411V,Benign,1621201,P15884,IDR,0.0753,6.05038580422379e-05,-7.670546054840088
TCF4,G60R,Pathogenic,1485528,P15884,IDR,0.4802,0.000141397629877,-6.738870620727539
TCF4,P478A,Benign,1479245,P15884,IDR,0.1341,4.594015604264534e-05,-5.376046180725098
TCF4,R576L,Pathogenic,1470528,P15884,Folded,0.9976,0.0017106053750798,-17.694887161254883
TCF4,P490S,Benign,1407605,P15884,IDR,0.0521,3.7950855572010944e-05,-2.0167083740234375
TCF4,T138A,Benign,1401968,P15884,IDR,0.0562,3.649366460800607e-05,-1.967698335647583
TCF4,Q147H,Benign,1170291,P15884,IDR,0.1507,2.085167903287388e-05,-3.409964084625244
TCF4,C121G,Benign,1164193,P15884,IDR,0.3183,0.0001544003926803,0.5295155048370361
TCF4,S224N,Benign,1137029,P15884,IDR,0.1682,6.809831969778468e-05,-7.236199378967285
TCF4,N49S,Benign,1120361,P15884,IDR,0.0546,4.6375946544774393e-05,-2.0209028720855713
TCF4,S333F,Pathogenic,964240,P15884,IDR,0.991,0.0003854013215971,-14.57368278503418
TCF4,D540G,Pathogenic,943528,P15884,IDR,0.2553,0.0001119197617622,-6.095170021057129
TCF4,S108T,Benign,856233,P15884,IDR,0.0736,3.534486440570639e-05,-4.756624221801758
TCF4,M25V,Benign,846961,P15884,Folded,0.9264,0.0001004170483777,-10.66839599609375
TCF4,V50L,Benign,833957,P15884,IDR,0.0814,4.704194673865736e-05,-3.126838445663452
TCF4,G656S,Benign,833780,P15884,IDR,0.0681,5.516430266638839e-05,-7.665952682495117
TCF4,K532E,Benign,833616,P15884,IDR,0.1818,0.000558023566308,-13.47512149810791
TCF4,K14I,Benign,751994,P15884,Folded,0.9973,0.0003762679135014,-17.57468032836914
TCF4,G496C,Pathogenic,690393,P15884,IDR,0.158,0.0001073453312188,-8.692550659179688
TCF4,A207S,Benign,665734,P15884,IDR,0.0671,2.7235553652582567e-05,-2.7589035034179688
TCF4,G428V,Benign,574403,P15884,IDR,0.2294,8.002972156850863e-05,-12.854243278503418
TCF4,N97S,Benign,573921,P15884,IDR,0.0788,2.640563628042436e-05,-2.0042238235473633
TCF4,T191A,Benign,536806,P15884,IDR,0.0821,1.6012071966442498e-05,-4.570383071899414
TCF4,R157Q,Benign,468959,P15884,IDR,0.5205,0.0003053994473254,-8.665438652038574
TCF4,G113R,Benign,468958,P15884,IDR,0.646,0.0001613395859747,-6.613533973693848
TCF4,M80I,Benign,468956,P15884,IDR,0.1854,7.200623459235889e-05,-5.592126846313477
TCF4,N70S,Benign,468955,P15884,IDR,0.0679,5.036967251081936e-05,-3.0651564598083496
TCF4,P490R,Pathogenic,468947,P15884,IDR,0.2089,0.0001006850317147,-8.168793678283691
TCF4,I422T,Benign,452976,P15884,IDR,0.2045,9.460668305094622e-05,-9.379047393798828
TCF4,S253R,Pathogenic,432062,P15884,IDR,0.9342,0.000204593771777,-14.611005783081055
TCF4,R576Q,Pathogenic,381549,P15884,Folded,0.9993,0.001283095352893,-12.850561141967773
TCF4,L242F,Benign,380236,P15884,IDR,0.174,0.0001093643426903,-8.878095626831055
TCF4,D219N,Pathogenic,279907,P15884,IDR,0.5224,0.0001768884897629,-10.011120796203613
TCF4,A323V,Pathogenic,208487,P15884,IDR,0.7795,4.606313330757228e-05,-7.85003662109375
TCF4,T439I,Benign,207547,P15884,IDR,0.3936,0.0001508703236556,-12.66061782836914
TCF4,N195S,Benign,207546,P15884,IDR,0.0817,5.000681189648581e-05,-6.3960795402526855
TCF4,T138S,Benign,207532,P15884,IDR,0.0694,2.042109953925841e-05,-2.2130649089813232
TCF4,N90S,Benign,167731,P15884,IDR,0.0648,2.5390328532548523e-05,-2.2457332611083984
TCF4,A315V,Benign,160091,P15884,IDR,0.1044,5.90399099434924e-05,-7.236611366271973
TCF4,T75A,Benign,160082,P15884,IDR,0.061,4.958023472201312e-05,-4.437591075897217
TCF4,R578H,Pathogenic,93542,P15884,Folded,0.9923,0.0018319226085088,-13.178071975708008
TCF4,R578P,Pathogenic,7374,P15884,Folded,0.9999,0.0017274500392024,-18.12832260131836
